Path,SteerAngle,Throttle,Brake,Speed,X_Position,Y_Position,Pitch,Yaw,Roll
/Users/rustameynaliyev/Desktop/Developer/robotics/Roverism/IMG/IMG/robocam_2017_07_08_20_27_33_054.jpg,0,0,1,0,99.67034,85.58955,0.0002347589,56.82557,8.871502E-07
/Users/rustameynaliyev/Desktop/Developer/robotics/Roverism/IMG/IMG/robocam_2017_07_08_20_27_33_092.jpg,0,0,0,0,99.67034,85.58955,0.000234759,56.82557,8.871568E-07
/Users/rustameynaliyev/Desktop/Developer/robotics/Roverism/IMG/IMG/robocam_2017_07_08_20_27_33_141.jpg,0,0,0,0,99.67034,85.58955,0.000234759,56.82557,8.871568E-07
/Users/rustameynaliyev/Desktop/Developer/robotics/Roverism/IMG/IMG/robocam_2017_07_08_20_27_33_193.jpg,0,0,0,0,99.67034,85.58955,0.0002347589,56.82557,8.871502E-07
/Users/rustameynaliyev/Desktop/Developer/robotics/Roverism/IMG/IMG/robocam_2017_07_08_20_27_33_241.jpg,0,0,0,0,99.67034,85.58955,0.0002347894,56.82557,7.848709E-07
/Users/rustameynaliyev/Desktop/Developer/robotics/Roverism/IMG/IMG/robocam_2017_07_08_20_27_33_292.jpg,0,0,0,0,99.67034,85.58955,0.0002348352,56.82557,6.314715E-07
/Users/rustameynaliyev/Desktop/Developer/robotics/Roverism/IMG/IMG/robocam_2017_07_08_20_27_33_341.jpg,0,0,0,0,99.67034,85.58955,0.0002348657,56.82557,5.291922E-07
/Users/rustameynaliyev/Desktop/Developer/robotics/Roverism/IMG/IMG/robocam_2017_07_08_20_27_33_392.jpg,0,0,0,0,99.67034,85.58955,0.0002349113,56.82557,3.757537E-07
/Users/rustameynaliyev/Desktop/Developer/robotics/Roverism/IMG/IMG/robocam_2017_07_08_20_27_33_442.jpg,0,0,0,0,99.67034,85.58955,0.0002349418,56.82557,2.734744E-07
/Users/rustameynaliyev/Desktop/Developer/robotics/Roverism/IMG/IMG/robocam_2017_07_08_20_27_33_492.jpg,0,0,0,0,99.67034,85.58955,0.0002349875,56.82557,1.200684E-07
/Users/rustameynaliyev/Desktop/Developer/robotics/Roverism/IMG/IMG/robocam_2017_07_08_20_27_33_541.jpg,0,0,0,0,99.67034,85.58955,0.000235018,56.82557,1.778912E-08
/Users/rustameynaliyev/Desktop/Developer/robotics/Roverism/IMG/IMG/robocam_2017_07_08_20_27_33_593.jpg,0,0,0,0,99.67034,85.58955,0.0002350332,56.82557,-3.337007E-08
/Users/rustameynaliyev/Desktop/Developer/robotics/Roverism/IMG/IMG/robocam_2017_07_08_20_27_33_641.jpg,0,0,0,0,99.67034,85.58955,0.0002350332,56.82557,-3.337007E-08
/Users/rustameynaliyev/Desktop/Developer/robotics/Roverism/IMG/IMG/robocam_2017_07_08_20_27_33_691.jpg,0,0,0,0,99.67034,85.58955,0.0002350332,56.82557,-3.335705E-08
/Users/rustameynaliyev/Desktop/Developer/robotics/Roverism/IMG/IMG/robocam_2017_07_08_20_27_33_741.jpg,0,0,0,0,99.67034,85.58955,0.0002350332,56.82557,-3.335705E-08
/Users/rustameynaliyev/Desktop/Developer/robotics/Roverism/IMG/IMG/robocam_2017_07_08_20_27_33_792.jpg,0,0,0,0,99.67034,85.58955,0.0002350332,56.82557,-3.337007E-08
/Users/rustameynaliyev/Desktop/Developer/robotics/Roverism/IMG/IMG/robocam_2017_07_08_20_27_33_841.jpg,0,0,0,0,99.67034,85.58955,0.0002350332,56.82557,-3.337007E-08
/Users/rustameynaliyev/Desktop/Developer/robotics/Roverism/IMG/IMG/robocam_2017_07_08_20_27_33_891.jpg,0,0,0,0,99.67034,85.58955,0.0002350332,56.82557,-3.335705E-08
/Users/rustameynaliyev/Desktop/Developer/robotics/Roverism/IMG/IMG/robocam_2017_07_08_20_27_33_941.jpg,0,0,0,0,99.67034,85.58955,0.0002350332,56.82557,-3.335705E-08
/Users/rustameynaliyev/Desktop/Developer/robotics/Roverism/IMG/IMG/robocam_2017_07_08_20_27_33_992.jpg,0,0,0,0,99.67034,85.58955,0.0002350332,56.82557,-3.337007E-08
/Users/rustameynaliyev/Desktop/Developer/robotics/Roverism/IMG/IMG/robocam_2017_07_08_20_27_34_042.jpg,0,0,0,0,99.67034,85.58955,0.0002350332,56.82557,-3.337007E-08
/Users/rustameynaliyev/Desktop/Developer/robotics/Roverism/IMG/IMG/robocam_2017_07_08_20_27_34_091.jpg,0,0,0,0,99.67034,85.58955,0.0002348286,56.82557,-9.429342E-08
/Users/rustameynaliyev/Desktop/Developer/robotics/Roverism/IMG/IMG/robocam_2017_07_08_20_27_34_141.jpg,0,0,0,0,99.67034,85.58955,0.0002347264,56.82557,-1.247584E-07
/Users/rustameynaliyev/Desktop/Developer/robotics/Roverism/IMG/IMG/robocam_2017_07_08_20_27_34_192.jpg,0,0,0,0,99.67034,85.58955,0.0002347263,56.82557,-1.247649E-07
/Users/rustameynaliyev/Desktop/Developer/robotics/Roverism/IMG/IMG/robocam_2017_07_08_20_27_34_241.jpg,0,0,0,0,99.67034,85.58955,0.0002347263,56.82557,-1.247649E-07
/Users/rustameynaliyev/Desktop/Developer/robotics/Roverism/IMG/IMG/robocam_2017_07_08_20_27_34_292.jpg,0,0,0,0,99.67034,85.58955,0.0002347264,56.82557,-1.247584E-07
/Users/rustameynaliyev/Desktop/Developer/robotics/Roverism/IMG/IMG/robocam_2017_07_08_20_27_34_341.jpg,0,0.1482149,0,0,99.67027,85.58945,-0.002143276,56.82558,-1.268362E-07
/Users/rustameynaliyev/Desktop/Developer/robotics/Roverism/IMG/IMG/robocam_2017_07_08_20_27_34_392.jpg,0,0.2483851,0,0,99.67094,85.59047,0.02477619,56.75917,9.614543E-06
/Users/rustameynaliyev/Desktop/Developer/robotics/Roverism/IMG/IMG/robocam_2017_07_08_20_27_34_442.jpg,0,0.450945,0,0.02440897,99.67145,85.59124,0.04381504,56.70016,1.880137E-05
/Users/rustameynaliyev/Desktop/Developer/robotics/Roverism/IMG/IMG/robocam_2017_07_08_20_27_34_492.jpg,0,0.59847,0,0.05125562,99.67368,85.59463,0.1279518,56.66893,0.0001376813
/Users/rustameynaliyev/Desktop/Developer/robotics/Roverism/IMG/IMG/robocam_2017_07_08_20_27_34_541.jpg,0,0.748704,0,0.0813197,99.67606,85.59824,0.2149644,56.50816,0.0006873059
/Users/rustameynaliyev/Desktop/Developer/robotics/Roverism/IMG/IMG/robocam_2017_07_08_20_27_34_592.jpg,0,0.8984039,0,0.09533109,99.68081,85.60543,0.379245,56.56533,0.0002788766
/Users/rustameynaliyev/Desktop/Developer/robotics/Roverism/IMG/IMG/robocam_2017_07_08_20_27_34_641.jpg,-2.288836,1,0,0.1490716,99.68539,85.6123,0.5220963,56.65975,8.868943E-05
/Users/rustameynaliyev/Desktop/Developer/robotics/Roverism/IMG/IMG/robocam_2017_07_08_20_27_34_692.jpg,-4.488481,1,0,0.1847355,99.69382,85.62447,0.7519419,56.66917,-0.0001602298
/Users/rustameynaliyev/Desktop/Developer/robotics/Roverism/IMG/IMG/robocam_2017_07_08_20_27_34_741.jpg,-6.738256,1,0,0.2372818,99.70104,85.63457,0.9309844,56.50988,0.001712522
/Users/rustameynaliyev/Desktop/Developer/robotics/Roverism/IMG/IMG/robocam_2017_07_08_20_27_34_792.jpg,-8.988796,1,0,0.2576409,99.71301,85.65038,1.176601,56.21906,0.002141716
/Users/rustameynaliyev/Desktop/Developer/robotics/Roverism/IMG/IMG/robocam_2017_07_08_20_27_34_842.jpg,-11.25585,1,0,0.3101148,99.7219,85.66166,1.304612,56.02463,0.003449899
/Users/rustameynaliyev/Desktop/Developer/robotics/Roverism/IMG/IMG/robocam_2017_07_08_20_27_34_909.jpg,-10.54003,0.8505309,0,0.3309143,99.73868,85.6825,1.212774,55.58989,0.004035304
/Users/rustameynaliyev/Desktop/Developer/robotics/Roverism/IMG/IMG/robocam_2017_07_08_20_27_34_958.jpg,-7.530793,0.6499149,0,0.3989696,99.74792,85.69421,1.132981,55.37072,0.002272656
/Users/rustameynaliyev/Desktop/Developer/robotics/Roverism/IMG/IMG/robocam_2017_07_08_20_27_35_009.jpg,-5.281334,0.4999509,0,0.4185869,99.76199,85.71267,1.019215,55.33871,0.0005387096
/Users/rustameynaliyev/Desktop/Developer/robotics/Roverism/IMG/IMG/robocam_2017_07_08_20_27_35_059.jpg,-3.031288,0.3499479,0,0.4430507,99.77211,85.72634,0.9705198,55.2846,0.001217869
/Users/rustameynaliyev/Desktop/Developer/robotics/Roverism/IMG/IMG/robocam_2017_07_08_20_27_35_125.jpg,-0.7680586,0.1990659,0,0.4385472,99.79187,85.75409,0.8577739,55.36114,0.01286613
/Users/rustameynaliyev/Desktop/Developer/robotics/Roverism/IMG/IMG/robocam_2017_07_08_20_27_35_175.jpg,0,0.001275897,0,0.4626416,99.80181,85.76839,0.8027173,55.36034,0.02344934
/Users/rustameynaliyev/Desktop/Developer/robotics/Roverism/IMG/IMG/robocam_2017_07_08_20_27_35_225.jpg,0,0,0,0.4669471,99.81701,85.79031,0.7251865,55.36332,0.03826245
/Users/rustameynaliyev/Desktop/Developer/robotics/Roverism/IMG/IMG/robocam_2017_07_08_20_27_35_293.jpg,0,0,0,0.4661147,99.832,85.81197,0.6328757,55.36335,0.05277071
/Users/rustameynaliyev/Desktop/Developer/robotics/Roverism/IMG/IMG/robocam_2017_07_08_20_27_35_341.jpg,0,0,0,0.4643776,99.84189,85.82626,0.5645316,55.36337,0.06114755
/Users/rustameynaliyev/Desktop/Developer/robotics/Roverism/IMG/IMG/robocam_2017_07_08_20_27_35_393.jpg,0,0,0,0.4634729,99.85663,85.84756,0.455233,55.3634,0.0717067
/Users/rustameynaliyev/Desktop/Developer/robotics/Roverism/IMG/IMG/robocam_2017_07_08_20_27_35_442.jpg,0,0,0,0.4625445,99.86639,85.86169,0.3797252,55.36345,0.07740886
/Users/rustameynaliyev/Desktop/Developer/robotics/Roverism/IMG/IMG/robocam_2017_07_08_20_27_35_492.jpg,0,0,0,0.4611087,99.881,85.8828,0.2654802,55.36351,0.08398646
/Users/rustameynaliyev/Desktop/Developer/robotics/Roverism/IMG/IMG/robocam_2017_07_08_20_27_35_541.jpg,0,0,0,0.4596234,99.89071,85.89685,0.1902414,55.36356,0.08708846
/Users/rustameynaliyev/Desktop/Developer/robotics/Roverism/IMG/IMG/robocam_2017_07_08_20_27_35_592.jpg,0,0,0,0.4586077,99.90528,85.91792,0.08117785,55.36364,0.0898992
/Users/rustameynaliyev/Desktop/Developer/robotics/Roverism/IMG/IMG/robocam_2017_07_08_20_27_35_658.jpg,0,0,0,0.4570491,99.91987,85.93901,359.9791,55.36372,0.09062818
/Users/rustameynaliyev/Desktop/Developer/robotics/Roverism/IMG/IMG/robocam_2017_07_08_20_27_35_708.jpg,0,0,0,0.4559891,99.93449,85.96015,359.8864,55.36379,0.08944566
/Users/rustameynaliyev/Desktop/Developer/robotics/Roverism/IMG/IMG/robocam_2017_07_08_20_27_35_775.jpg,0,0,0,0.4549144,99.94916,85.98138,359.8047,55.36385,0.08654658
/Users/rustameynaliyev/Desktop/Developer/robotics/Roverism/IMG/IMG/robocam_2017_07_08_20_27_35_825.jpg,0,0,0,0.4521755,99.96389,86.0027,359.7352,55.36389,0.08214346
/Users/rustameynaliyev/Desktop/Developer/robotics/Roverism/IMG/IMG/robocam_2017_07_08_20_27_35_876.jpg,0,0,0,0.4510642,99.97375,86.01698,359.696,55.36391,0.07848305
/Users/rustameynaliyev/Desktop/Developer/robotics/Roverism/IMG/IMG/robocam_2017_07_08_20_27_35_925.jpg,0,0,0,0.4493865,99.98862,86.03847,359.6481,55.36393,0.07207416
/Users/rustameynaliyev/Desktop/Developer/robotics/Roverism/IMG/IMG/robocam_2017_07_08_20_27_35_975.jpg,0,0,0,0.448225,99.99861,86.05289,359.6266,55.36293,0.06421489
/Users/rustameynaliyev/Desktop/Developer/robotics/Roverism/IMG/IMG/robocam_2017_07_08_20_27_36_025.jpg,0,0,0,0.446456,100.0136,86.07462,359.606,55.36224,0.05165615
/Users/rustameynaliyev/Desktop/Developer/robotics/Roverism/IMG/IMG/robocam_2017_07_08_20_27_36_077.jpg,0,0,0,0.4453015,100.0237,86.08917,359.5992,55.36221,0.0432795
/Users/rustameynaliyev/Desktop/Developer/robotics/Roverism/IMG/IMG/robocam_2017_07_08_20_27_36_126.jpg,0,0,0,0.4436309,100.0388,86.11105,359.5975,55.36218,0.030945
/Users/rustameynaliyev/Desktop/Developer/robotics/Roverism/IMG/IMG/robocam_2017_07_08_20_27_36_175.jpg,0,0,0,0.4425239,100.0489,86.12567,359.6016,55.36216,0.02297081
/Users/rustameynaliyev/Desktop/Developer/robotics/Roverism/IMG/IMG/robocam_2017_07_08_20_27_36_225.jpg,0,0,0,0.4408761,100.064,86.14763,359.6146,55.36213,0.01153423
/Users/rustameynaliyev/Desktop/Developer/robotics/Roverism/IMG/IMG/robocam_2017_07_08_20_27_36_276.jpg,0,0,0,0.4397872,100.0741,86.16227,359.6273,55.36211,0.004337048
/Users/rustameynaliyev/Desktop/Developer/robotics/Roverism/IMG/IMG/robocam_2017_07_08_20_27_36_326.jpg,0,0,0,0.43817,100.0893,86.18425,359.6512,55.36209,-0.005706715
/Users/rustameynaliyev/Desktop/Developer/robotics/Roverism/IMG/IMG/robocam_2017_07_08_20_27_36_375.jpg,0,0,0,0.4376355,100.0994,86.1989,359.6699,55.36207,359.9882
/Users/rustameynaliyev/Desktop/Developer/robotics/Roverism/IMG/IMG/robocam_2017_07_08_20_27_36_425.jpg,0,0,0,0.4355222,100.1146,86.22085,359.7008,55.36205,359.9799
/Users/rustameynaliyev/Desktop/Developer/robotics/Roverism/IMG/IMG/robocam_2017_07_08_20_27_36_475.jpg,0,0,0,0.4344805,100.1247,86.23546,359.7228,55.36204,359.9749
/Users/rustameynaliyev/Desktop/Developer/robotics/Roverism/IMG/IMG/robocam_2017_07_08_20_27_36_525.jpg,0,0,0,0.4334491,100.1398,86.25732,359.757,55.36202,359.9686
/Users/rustameynaliyev/Desktop/Developer/robotics/Roverism/IMG/IMG/robocam_2017_07_08_20_27_36_576.jpg,0,0,0,0.4319209,100.1498,86.27186,359.78,55.36201,359.965
/Users/rustameynaliyev/Desktop/Developer/robotics/Roverism/IMG/IMG/robocam_2017_07_08_20_27_36_641.jpg,0,0,0,0.4304149,100.1648,86.2936,359.8141,55.362,359.9607
/Users/rustameynaliyev/Desktop/Developer/robotics/Roverism/IMG/IMG/robocam_2017_07_08_20_27_36_691.jpg,-3.007261,0,0,0.4287935,100.1801,86.31499,359.8466,55.2933,359.9477
/Users/rustameynaliyev/Desktop/Developer/robotics/Roverism/IMG/IMG/robocam_2017_07_08_20_27_36_741.jpg,-5.253345,0,0,0.4270368,100.1905,86.32903,359.8667,55.20425,359.9342
/Users/rustameynaliyev/Desktop/Developer/robotics/Roverism/IMG/IMG/robocam_2017_07_08_20_27_36_792.jpg,-7.534124,0,0,0.4255922,100.2064,86.34959,359.8934,54.98473,359.9039
/Users/rustameynaliyev/Desktop/Developer/robotics/Roverism/IMG/IMG/robocam_2017_07_08_20_27_36_841.jpg,-9.77346,0,0,0.4234658,100.2172,86.36304,359.9087,54.7965,359.8797
/Users/rustameynaliyev/Desktop/Developer/robotics/Roverism/IMG/IMG/robocam_2017_07_08_20_27_36_909.jpg,-12.03656,0,0,0.4216272,100.2393,86.38907,359.9314,54.30231,359.8195
/Users/rustameynaliyev/Desktop/Developer/robotics/Roverism/IMG/IMG/robocam_2017_07_08_20_27_36_958.jpg,-15,0,0,0.4189681,100.2506,86.40163,359.9382,54.00172,359.7844
/Users/rustameynaliyev/Desktop/Developer/robotics/Roverism/IMG/IMG/robocam_2017_07_08_20_27_37_009.jpg,-15,0,0,0.4160361,100.2676,86.42008,359.9439,53.52366,359.7328
/Users/rustameynaliyev/Desktop/Developer/robotics/Roverism/IMG/IMG/robocam_2017_07_08_20_27_37_058.jpg,-15,0,0,0.4145509,100.2789,86.4323,359.9488,53.20775,359.7054
/Users/rustameynaliyev/Desktop/Developer/robotics/Roverism/IMG/IMG/robocam_2017_07_08_20_27_37_109.jpg,-15,0,0,0.4121898,100.296,86.4504,359.9561,52.73624,359.672
/Users/rustameynaliyev/Desktop/Developer/robotics/Roverism/IMG/IMG/robocam_2017_07_08_20_27_37_158.jpg,-15,0,0,0.4106884,100.3074,86.4623,359.9598,52.42298,359.6535
/Users/rustameynaliyev/Desktop/Developer/robotics/Roverism/IMG/IMG/robocam_2017_07_08_20_27_37_208.jpg,-15,0,0,0.4085143,100.3245,86.4799,359.9634,51.95513,359.6316
/Users/rustameynaliyev/Desktop/Developer/robotics/Roverism/IMG/IMG/robocam_2017_07_08_20_27_37_259.jpg,-15,0,0,0.4070774,100.3359,86.4915,359.9651,51.64513,359.6215
/Users/rustameynaliyev/Desktop/Developer/robotics/Roverism/IMG/IMG/robocam_2017_07_08_20_27_37_309.jpg,-13.52189,0,0,0.4051865,100.353,86.50877,359.9666,51.20174,359.6152
/Users/rustameynaliyev/Desktop/Developer/robotics/Roverism/IMG/IMG/robocam_2017_07_08_20_27_37_358.jpg,-11.28327,0,0,0.4044003,100.3643,86.52035,359.9666,50.94809,359.6193
/Users/rustameynaliyev/Desktop/Developer/robotics/Roverism/IMG/IMG/robocam_2017_07_08_20_27_37_408.jpg,-9.027059,0,0,0.4035327,100.3809,86.53786,359.9657,50.63738,359.6378
/Users/rustameynaliyev/Desktop/Developer/robotics/Roverism/IMG/IMG/robocam_2017_07_08_20_27_37_459.jpg,-6.77481,0,0,0.4028487,100.3918,86.54964,359.9644,50.47545,359.6581
/Users/rustameynaliyev/Desktop/Developer/robotics/Roverism/IMG/IMG/robocam_2017_07_08_20_27_37_508.jpg,-4.529758,0,0,0.401794,100.4078,86.56749,359.9616,50.30469,359.6996
/Users/rustameynaliyev/Desktop/Developer/robotics/Roverism/IMG/IMG/robocam_2017_07_08_20_27_37_558.jpg,-2.265719,0,0,0.4009688,100.4183,86.57951,359.959,50.2364,359.7339
/Users/rustameynaliyev/Desktop/Developer/robotics/Roverism/IMG/IMG/robocam_2017_07_08_20_27_37_608.jpg,-0.007258952,0,0,0.3995216,100.4337,86.59773,359.9542,50.20616,359.7945
/Users/rustameynaliyev/Desktop/Developer/robotics/Roverism/IMG/IMG/robocam_2017_07_08_20_27_37_658.jpg,0,0,0,0.3985485,100.4439,86.60989,359.9504,50.20557,359.8363
/Users/rustameynaliyev/Desktop/Developer/robotics/Roverism/IMG/IMG/robocam_2017_07_08_20_27_37_708.jpg,0,0,0,0.3971802,100.4591,86.62807,359.9442,50.20552,359.8971
/Users/rustameynaliyev/Desktop/Developer/robotics/Roverism/IMG/IMG/robocam_2017_07_08_20_27_37_758.jpg,0,0,0,0.396261,100.4692,86.64014,359.9398,50.20552,359.9359
/Users/rustameynaliyev/Desktop/Developer/robotics/Roverism/IMG/IMG/robocam_2017_07_08_20_27_37_808.jpg,0,0,0,0.3948741,100.4843,86.65822,359.9331,50.20554,359.9906
/Users/rustameynaliyev/Desktop/Developer/robotics/Roverism/IMG/IMG/robocam_2017_07_08_20_27_37_858.jpg,0,0,0,0.3939459,100.4943,86.67023,359.9287,50.20555,0.02456634
/Users/rustameynaliyev/Desktop/Developer/robotics/Roverism/IMG/IMG/robocam_2017_07_08_20_27_37_909.jpg,0,0,0,0.3925517,100.5093,86.68819,359.9221,50.2056,0.07116624
/Users/rustameynaliyev/Desktop/Developer/robotics/Roverism/IMG/IMG/robocam_2017_07_08_20_27_37_958.jpg,0,0,0,0.3916226,100.5193,86.70013,359.918,50.20563,0.09914511
/Users/rustameynaliyev/Desktop/Developer/robotics/Roverism/IMG/IMG/robocam_2017_07_08_20_27_38_009.jpg,0,0,0,0.3902325,100.5343,86.718,359.9122,50.2057,0.1362146
/Users/rustameynaliyev/Desktop/Developer/robotics/Roverism/IMG/IMG/robocam_2017_07_08_20_27_38_058.jpg,0,0,0,0.3893095,100.5442,86.72988,359.9086,50.20575,0.1575613
/Users/rustameynaliyev/Desktop/Developer/robotics/Roverism/IMG/IMG/robocam_2017_07_08_20_27_38_108.jpg,0,0,0,0.3879326,100.5591,86.74767,359.9038,50.20583,0.1844477
/Users/rustameynaliyev/Desktop/Developer/robotics/Roverism/IMG/IMG/robocam_2017_07_08_20_27_38_158.jpg,0,0,0,0.3870205,100.569,86.7595,359.901,50.20587,0.1989511
/Users/rustameynaliyev/Desktop/Developer/robotics/Roverism/IMG/IMG/robocam_2017_07_08_20_27_38_225.jpg,0,0,0,0.3856622,100.5887,86.7831,359.8965,50.20597,0.2199018
/Users/rustameynaliyev/Desktop/Developer/robotics/Roverism/IMG/IMG/robocam_2017_07_08_20_27_38_275.jpg,0,0,0,0.3843123,100.5986,86.79487,359.8962,50.20546,0.2249231
/Users/rustameynaliyev/Desktop/Developer/robotics/Roverism/IMG/IMG/robocam_2017_07_08_20_27_38_325.jpg,0,0,0,0.3829357,100.6133,86.81251,359.8968,50.20523,0.228167
/Users/rustameynaliyev/Desktop/Developer/robotics/Roverism/IMG/IMG/robocam_2017_07_08_20_27_38_375.jpg,0,0,0,0.3820566,100.6231,86.82424,359.8975,50.20518,0.2275559
/Users/rustameynaliyev/Desktop/Developer/robotics/Roverism/IMG/IMG/robocam_2017_07_08_20_27_38_425.jpg,0,0,0,0.3807397,100.6378,86.8418,359.899,50.20523,0.2228248
/Users/rustameynaliyev/Desktop/Developer/robotics/Roverism/IMG/IMG/robocam_2017_07_08_20_27_38_476.jpg,0,0,0,0.3798729,100.6475,86.85348,359.9001,50.20527,0.2173563
/Users/rustameynaliyev/Desktop/Developer/robotics/Roverism/IMG/IMG/robocam_2017_07_08_20_27_38_526.jpg,0,0,0,0.3785799,100.6621,86.87094,359.902,50.20532,0.2060783
/Users/rustameynaliyev/Desktop/Developer/robotics/Roverism/IMG/IMG/robocam_2017_07_08_20_27_38_575.jpg,0,0,0,0.377722,100.6718,86.88256,359.9032,50.20536,0.1967529
/Users/rustameynaliyev/Desktop/Developer/robotics/Roverism/IMG/IMG/robocam_2017_07_08_20_27_38_625.jpg,0,0,0,0.3768669,100.6863,86.89993,359.9052,50.2054,0.1804823
/Users/rustameynaliyev/Desktop/Developer/robotics/Roverism/IMG/IMG/robocam_2017_07_08_20_27_38_675.jpg,0,0,0,0.3755885,100.6959,86.91148,359.9065,50.20542,0.1683649
/Users/rustameynaliyev/Desktop/Developer/robotics/Roverism/IMG/IMG/robocam_2017_07_08_20_27_38_725.jpg,0,0,0,0.3743143,100.7103,86.92876,359.9084,50.20545,0.1487103
/Users/rustameynaliyev/Desktop/Developer/robotics/Roverism/IMG/IMG/robocam_2017_07_08_20_27_38_776.jpg,0,0,0,0.3734667,100.7199,86.94025,359.9096,50.20547,0.1348653
/Users/rustameynaliyev/Desktop/Developer/robotics/Roverism/IMG/IMG/robocam_2017_07_08_20_27_38_825.jpg,0,0,0,0.3721977,100.7342,86.95743,359.9114,50.20549,0.1133872
/Users/rustameynaliyev/Desktop/Developer/robotics/Roverism/IMG/IMG/robocam_2017_07_08_20_27_38_876.jpg,0,0,0,0.3713531,100.7437,86.96886,359.9125,50.2055,0.09881929
/Users/rustameynaliyev/Desktop/Developer/robotics/Roverism/IMG/IMG/robocam_2017_07_08_20_27_38_925.jpg,0,0,0,0.3700881,100.7579,86.98593,359.914,50.20551,0.07695429
/Users/rustameynaliyev/Desktop/Developer/robotics/Roverism/IMG/IMG/robocam_2017_07_08_20_27_38_975.jpg,0,0,0,0.369246,100.7673,86.9973,359.9149,50.20551,0.06256409
/Users/rustameynaliyev/Desktop/Developer/robotics/Roverism/IMG/IMG/robocam_2017_07_08_20_27_39_026.jpg,0,0,0,0.367985,100.7815,87.01429,359.9161,50.20551,0.04156337
/Users/rustameynaliyev/Desktop/Developer/robotics/Roverism/IMG/IMG/robocam_2017_07_08_20_27_39_075.jpg,0,0,0,0.3671458,100.7909,87.02559,359.9168,50.20551,0.02811109
/Users/rustameynaliyev/Desktop/Developer/robotics/Roverism/IMG/IMG/robocam_2017_07_08_20_27_39_125.jpg,0,0,0,0.3658895,100.8049,87.04249,359.9178,50.20551,0.008996589
/Users/rustameynaliyev/Desktop/Developer/robotics/Roverism/IMG/IMG/robocam_2017_07_08_20_27_39_175.jpg,0,0,0,0.3650539,100.8143,87.05371,359.9182,50.20549,-0.002917301
/Users/rustameynaliyev/Desktop/Developer/robotics/Roverism/IMG/IMG/robocam_2017_07_08_20_27_39_225.jpg,0,0,0,0.3638037,100.8282,87.0705,359.9189,50.20547,359.9806
/Users/rustameynaliyev/Desktop/Developer/robotics/Roverism/IMG/IMG/robocam_2017_07_08_20_27_39_277.jpg,0,0,0,0.3629723,100.8375,87.08166,359.9192,50.20546,359.9707
/Users/rustameynaliyev/Desktop/Developer/robotics/Roverism/IMG/IMG/robocam_2017_07_08_20_27_39_325.jpg,0,0,0,0.3617289,100.8514,87.09834,359.9195,50.20544,359.9574
/Users/rustameynaliyev/Desktop/Developer/robotics/Roverism/IMG/IMG/robocam_2017_07_08_20_27_39_376.jpg,0,0,0,0.3609026,100.8606,87.10944,359.9196,50.20543,359.9497
/Users/rustameynaliyev/Desktop/Developer/robotics/Roverism/IMG/IMG/robocam_2017_07_08_20_27_39_425.jpg,0,0,0,0.3596672,100.8744,87.12603,359.9197,50.2054,359.9398
/Users/rustameynaliyev/Desktop/Developer/robotics/Roverism/IMG/IMG/robocam_2017_07_08_20_27_39_476.jpg,0,0,0,0.3588462,100.8836,87.13705,359.9197,50.20538,359.9344
/Users/rustameynaliyev/Desktop/Developer/robotics/Roverism/IMG/IMG/robocam_2017_07_08_20_27_39_526.jpg,0,0,0,0.3576191,100.8973,87.15356,359.9197,50.20535,359.9281
/Users/rustameynaliyev/Desktop/Developer/robotics/Roverism/IMG/IMG/robocam_2017_07_08_20_27_39_575.jpg,0,0,0,0.3568039,100.9064,87.16451,359.9196,50.20534,359.925
/Users/rustameynaliyev/Desktop/Developer/robotics/Roverism/IMG/IMG/robocam_2017_07_08_20_27_39_625.jpg,0,0,0,0.3555852,100.9201,87.18091,359.9194,50.20531,359.922
/Users/rustameynaliyev/Desktop/Developer/robotics/Roverism/IMG/IMG/robocam_2017_07_08_20_27_39_675.jpg,0,0,0,0.3547755,100.9292,87.19182,359.9193,50.2053,359.921
/Users/rustameynaliyev/Desktop/Developer/robotics/Roverism/IMG/IMG/robocam_2017_07_08_20_27_39_725.jpg,0,0,0,0.3535649,100.9427,87.20811,359.9191,50.20528,359.921
/Users/rustameynaliyev/Desktop/Developer/robotics/Roverism/IMG/IMG/robocam_2017_07_08_20_27_39_776.jpg,0,0,0,0.3527605,100.9517,87.21895,359.9189,50.20526,359.9219
/Users/rustameynaliyev/Desktop/Developer/robotics/Roverism/IMG/IMG/robocam_2017_07_08_20_27_39_841.jpg,0,0,0,0.3515576,100.9652,87.23516,359.9187,50.20523,359.9245
/Users/rustameynaliyev/Desktop/Developer/robotics/Roverism/IMG/IMG/robocam_2017_07_08_20_27_39_892.jpg,0,0,0,0.3503589,100.9787,87.25131,359.9185,50.20522,359.9284
/Users/rustameynaliyev/Desktop/Developer/robotics/Roverism/IMG/IMG/robocam_2017_07_08_20_27_39_941.jpg,0,0,0,0.3491645,100.9876,87.26205,359.9184,50.20521,359.9316
/Users/rustameynaliyev/Desktop/Developer/robotics/Roverism/IMG/IMG/robocam_2017_07_08_20_27_39_992.jpg,0,0,0,0.3483704,101.001,87.27811,359.9182,50.20518,359.9372
/Users/rustameynaliyev/Desktop/Developer/robotics/Roverism/IMG/IMG/robocam_2017_07_08_20_27_40_042.jpg,0,0,0,0.3471825,101.0099,87.28878,359.9182,50.20518,359.9414
/Users/rustameynaliyev/Desktop/Developer/robotics/Roverism/IMG/IMG/robocam_2017_07_08_20_27_40_092.jpg,0,0,0,0.3463926,101.0232,87.30474,359.9181,50.20517,359.9482
/Users/rustameynaliyev/Desktop/Developer/robotics/Roverism/IMG/IMG/robocam_2017_07_08_20_27_40_141.jpg,0,0,0,0.3452109,101.032,87.31536,359.9181,50.20517,359.953
/Users/rustameynaliyev/Desktop/Developer/robotics/Roverism/IMG/IMG/robocam_2017_07_08_20_27_40_191.jpg,0,0,0,0.3444251,101.0453,87.33124,359.9181,50.20515,359.9605
/Users/rustameynaliyev/Desktop/Developer/robotics/Roverism/IMG/IMG/robocam_2017_07_08_20_27_40_241.jpg,0,0,0,0.3432494,101.0541,87.3418,359.9182,50.20515,359.9655
/Users/rustameynaliyev/Desktop/Developer/robotics/Roverism/IMG/IMG/robocam_2017_07_08_20_27_40_308.jpg,0,0,0,0.3424676,101.0716,87.36283,359.9183,50.20515,359.9756
/Users/rustameynaliyev/Desktop/Developer/robotics/Roverism/IMG/IMG/robocam_2017_07_08_20_27_40_358.jpg,0,0,0,0.341298,101.0803,87.37331,359.9184,50.20515,359.9806
/Users/rustameynaliyev/Desktop/Developer/robotics/Roverism/IMG/IMG/robocam_2017_07_08_20_27_40_409.jpg,0,0,0,0.3401321,101.0934,87.38899,359.9187,50.20515,359.9878
/Users/rustameynaliyev/Desktop/Developer/robotics/Roverism/IMG/IMG/robocam_2017_07_08_20_27_40_458.jpg,0,0,0,0.3393569,101.1021,87.39941,359.9189,50.20515,359.9924
/Users/rustameynaliyev/Desktop/Developer/robotics/Roverism/IMG/IMG/robocam_2017_07_08_20_27_40_509.jpg,0,0,0,0.3381974,101.1151,87.41501,359.9192,50.20515,-0.001149509
/Users/rustameynaliyev/Desktop/Developer/robotics/Roverism/IMG/IMG/robocam_2017_07_08_20_27_40_558.jpg,0,0,0,0.3374265,101.1237,87.42537,359.9194,50.20516,0.002868321
/Users/rustameynaliyev/Desktop/Developer/robotics/Roverism/IMG/IMG/robocam_2017_07_08_20_27_40_608.jpg,0,0,0,0.3362735,101.1366,87.44087,359.9197,50.20517,0.008385364
/Users/rustameynaliyev/Desktop/Developer/robotics/Roverism/IMG/IMG/robocam_2017_07_08_20_27_40_658.jpg,0,0,0,0.335507,101.1452,87.45118,359.92,50.20517,0.01169877
/Users/rustameynaliyev/Desktop/Developer/robotics/Roverism/IMG/IMG/robocam_2017_07_08_20_27_40_709.jpg,0,0,0,0.3343607,101.1581,87.46659,359.9204,50.20517,0.01608972
/Users/rustameynaliyev/Desktop/Developer/robotics/Roverism/IMG/IMG/robocam_2017_07_08_20_27_40_758.jpg,0,0,0,0.3335987,101.1666,87.47684,359.9207,50.20518,0.01861888
/Users/rustameynaliyev/Desktop/Developer/robotics/Roverism/IMG/IMG/robocam_2017_07_08_20_27_40_808.jpg,0,0,0,0.3324592,101.1794,87.49216,359.9211,50.20519,0.02180585
/Users/rustameynaliyev/Desktop/Developer/robotics/Roverism/IMG/IMG/robocam_2017_07_08_20_27_40_858.jpg,0,0,0,0.3317018,101.1879,87.50236,359.9214,50.20519,0.02352574
/Users/rustameynaliyev/Desktop/Developer/robotics/Roverism/IMG/IMG/robocam_2017_07_08_20_27_40_909.jpg,0,0,0,0.3305691,101.2006,87.5176,359.9218,50.2052,0.02550726
/Users/rustameynaliyev/Desktop/Developer/robotics/Roverism/IMG/IMG/robocam_2017_07_08_20_27_40_975.jpg,0,0,0,0.3298163,101.2132,87.53279,359.9222,50.20522,0.02679375
/Users/rustameynaliyev/Desktop/Developer/robotics/Roverism/IMG/IMG/robocam_2017_07_08_20_27_41_026.jpg,0,0,0,0.3283161,101.2259,87.54793,359.9227,50.20522,0.02742063
/Users/rustameynaliyev/Desktop/Developer/robotics/Roverism/IMG/IMG/robocam_2017_07_08_20_27_41_075.jpg,0,0,0,0.3275687,101.2343,87.558,359.9229,50.20523,0.02749423
/Users/rustameynaliyev/Desktop/Developer/robotics/Roverism/IMG/IMG/robocam_2017_07_08_20_27_41_125.jpg,0,0,0,0.3264509,101.2468,87.57305,359.9233,50.20524,0.02712757
/Users/rustameynaliyev/Desktop/Developer/robotics/Roverism/IMG/IMG/robocam_2017_07_08_20_27_41_175.jpg,0,0,0,0.3257078,101.2551,87.58306,359.9236,50.20524,0.02659083
/Users/rustameynaliyev/Desktop/Developer/robotics/Roverism/IMG/IMG/robocam_2017_07_08_20_27_41_225.jpg,0,0,0,0.3245966,101.2676,87.59803,359.924,50.20525,0.02539384
/Users/rustameynaliyev/Desktop/Developer/robotics/Roverism/IMG/IMG/robocam_2017_07_08_20_27_41_275.jpg,0,0,0,0.3238579,101.2759,87.60797,359.9242,50.20525,0.02436353
/Users/rustameynaliyev/Desktop/Developer/robotics/Roverism/IMG/IMG/robocam_2017_07_08_20_27_41_325.jpg,0,0,0,0.323121,101.2883,87.62286,359.9245,50.20527,0.02252114
/Users/rustameynaliyev/Desktop/Developer/robotics/Roverism/IMG/IMG/robocam_2017_07_08_20_27_41_375.jpg,0,0,0,0.3220187,101.2965,87.63276,359.9247,50.20526,0.02112483
/Users/rustameynaliyev/Desktop/Developer/robotics/Roverism/IMG/IMG/robocam_2017_07_08_20_27_41_425.jpg,0,0,0,0.3209202,101.3089,87.64756,359.925,50.20527,0.01883044
/Users/rustameynaliyev/Desktop/Developer/robotics/Roverism/IMG/IMG/robocam_2017_07_08_20_27_41_475.jpg,0,0,0,0.3201899,101.317,87.65739,359.9252,50.20528,0.01719733
/Users/rustameynaliyev/Desktop/Developer/robotics/Roverism/IMG/IMG/robocam_2017_07_08_20_27_41_525.jpg,0,0,0,0.3190976,101.3293,87.6721,359.9255,50.20528,0.01464242
Path,SteerAngle,Throttle,Brake,Speed,X_Position,Y_Position,Pitch,Yaw,Roll
/Users/rustameynaliyev/Desktop/Developer/robotics/Roverism/IMG/IMG/robocam_2017_07_08_20_27_59_575.jpg,0,0,0,-0.01623453,101.8161,88.37461,359.7562,114.9354,0.0412392
/Users/rustameynaliyev/Desktop/Developer/robotics/Roverism/IMG/IMG/robocam_2017_07_08_20_27_59_626.jpg,0,0,0,-0.01641659,101.8161,88.37461,359.793,114.9354,0.04051715
/Users/rustameynaliyev/Desktop/Developer/robotics/Roverism/IMG/IMG/robocam_2017_07_08_20_27_59_676.jpg,0,0,0,-0.01644949,101.8161,88.37459,359.8482,114.9354,0.03881689
/Users/rustameynaliyev/Desktop/Developer/robotics/Roverism/IMG/IMG/robocam_2017_07_08_20_27_59_726.jpg,0,0,0,-0.01623354,101.8161,88.37457,359.8844,114.9354,0.03731611
/Users/rustameynaliyev/Desktop/Developer/robotics/Roverism/IMG/IMG/robocam_2017_07_08_20_27_59_776.jpg,0,0,0,-0.01592456,101.8161,88.37455,359.9372,114.9354,0.03459097
/Users/rustameynaliyev/Desktop/Developer/robotics/Roverism/IMG/IMG/robocam_2017_07_08_20_27_59_825.jpg,0,0,0,-0.01523631,101.8162,88.37454,359.971,114.9354,0.03250472
/Users/rustameynaliyev/Desktop/Developer/robotics/Roverism/IMG/IMG/robocam_2017_07_08_20_27_59_893.jpg,0,0,0,-0.01430737,101.8162,88.37452,0.03417325,114.9354,0.02782849
/Users/rustameynaliyev/Desktop/Developer/robotics/Roverism/IMG/IMG/robocam_2017_07_08_20_27_59_943.jpg,0,0,0,-0.01317315,101.8162,88.37452,0.06313559,114.9354,0.02530148
/Users/rustameynaliyev/Desktop/Developer/robotics/Roverism/IMG/IMG/robocam_2017_07_08_20_27_59_992.jpg,0,0,0,-0.01275558,101.8162,88.37451,0.1028483,114.9354,0.02136003
/Users/rustameynaliyev/Desktop/Developer/robotics/Roverism/IMG/IMG/robocam_2017_07_08_20_28_00_042.jpg,0,0,0,-0.01092681,101.8162,88.3745,0.1266456,114.9354,0.01867417
/Users/rustameynaliyev/Desktop/Developer/robotics/Roverism/IMG/IMG/robocam_2017_07_08_20_28_00_093.jpg,0,0,0,0,101.8162,88.37449,0.1580754,114.9354,0.01462704
/Users/rustameynaliyev/Desktop/Developer/robotics/Roverism/IMG/IMG/robocam_2017_07_08_20_28_00_142.jpg,0,0,0,0,101.8162,88.37448,0.1760839,114.9354,0.01195371
/Users/rustameynaliyev/Desktop/Developer/robotics/Roverism/IMG/IMG/robocam_2017_07_08_20_28_00_192.jpg,0,0,0,0,101.8162,88.37447,0.1985792,114.9354,0.008039718
/Users/rustameynaliyev/Desktop/Developer/robotics/Roverism/IMG/IMG/robocam_2017_07_08_20_28_00_242.jpg,0,0,0,0,101.8162,88.37447,0.2105481,114.9354,0.005525213
/Users/rustameynaliyev/Desktop/Developer/robotics/Roverism/IMG/IMG/robocam_2017_07_08_20_28_00_291.jpg,0,0,0,0,101.8162,88.37447,0.2239975,114.9354,0.001941896
/Users/rustameynaliyev/Desktop/Developer/robotics/Roverism/IMG/IMG/robocam_2017_07_08_20_28_00_343.jpg,-1.539585,0,0,0,101.8162,88.37446,0.2300176,114.7965,0.0002390218
/Users/rustameynaliyev/Desktop/Developer/robotics/Roverism/IMG/IMG/robocam_2017_07_08_20_28_00_392.jpg,-3.771677,0,0,0,101.8162,88.37446,0.2348097,114.2953,-0.0009437546
/Users/rustameynaliyev/Desktop/Developer/robotics/Roverism/IMG/IMG/robocam_2017_07_08_20_28_00_442.jpg,-5.31153,0,0,0,101.8162,88.37446,0.2353102,113.658,-0.0004456002
/Users/rustameynaliyev/Desktop/Developer/robotics/Roverism/IMG/IMG/robocam_2017_07_08_20_28_00_494.jpg,-7.522832,0,0,0,101.8162,88.37446,0.2322654,112.3502,0.001581735
/Users/rustameynaliyev/Desktop/Developer/robotics/Roverism/IMG/IMG/robocam_2017_07_08_20_28_00_543.jpg,-9.071867,0,0,0,101.8162,88.37446,0.2278645,111.2616,0.00353387
/Users/rustameynaliyev/Desktop/Developer/robotics/Roverism/IMG/IMG/robocam_2017_07_08_20_28_00_593.jpg,-12.77901,0,0,0,101.8162,88.37446,0.2179932,109.0987,0.007727787
/Users/rustameynaliyev/Desktop/Developer/robotics/Roverism/IMG/IMG/robocam_2017_07_08_20_28_00_660.jpg,-15,0,0,0,101.8162,88.37447,0.2046067,106.4413,0.01224441
/Users/rustameynaliyev/Desktop/Developer/robotics/Roverism/IMG/IMG/robocam_2017_07_08_20_28_00_709.jpg,-15,0,0,0,101.8162,88.37447,0.1940491,104.6413,0.01429197
/Users/rustameynaliyev/Desktop/Developer/robotics/Roverism/IMG/IMG/robocam_2017_07_08_20_28_00_779.jpg,-15,0,0,0,101.8162,88.37448,0.1699119,101.0413,0.01565733
/Users/rustameynaliyev/Desktop/Developer/robotics/Roverism/IMG/IMG/robocam_2017_07_08_20_28_00_825.jpg,-15,0,0,0,101.8162,88.37448,0.1567264,99.2413,0.0149634
/Users/rustameynaliyev/Desktop/Developer/robotics/Roverism/IMG/IMG/robocam_2017_07_08_20_28_00_876.jpg,-15,0,0,0,101.8162,88.37449,0.136087,96.54132,0.01226127
/Users/rustameynaliyev/Desktop/Developer/robotics/Roverism/IMG/IMG/robocam_2017_07_08_20_28_00_925.jpg,-15,0,0,0,101.8161,88.37449,0.1220186,94.74133,0.009418343
/Users/rustameynaliyev/Desktop/Developer/robotics/Roverism/IMG/IMG/robocam_2017_07_08_20_28_00_976.jpg,-15,0,0,0,101.8161,88.3745,0.1008724,92.04135,0.003749934
/Users/rustameynaliyev/Desktop/Developer/robotics/Roverism/IMG/IMG/robocam_2017_07_08_20_28_01_025.jpg,-15,0,0,0,101.8161,88.37451,0.08696881,90.24136,-0.0008506417
/Users/rustameynaliyev/Desktop/Developer/robotics/Roverism/IMG/IMG/robocam_2017_07_08_20_28_01_075.jpg,-15,0,0,0,101.8161,88.37452,0.06674177,87.54137,359.9912
/Users/rustameynaliyev/Desktop/Developer/robotics/Roverism/IMG/IMG/robocam_2017_07_08_20_28_01_146.jpg,-15,0,0,0,101.8161,88.37453,0.04761356,84.84137,359.9824
/Users/rustameynaliyev/Desktop/Developer/robotics/Roverism/IMG/IMG/robocam_2017_07_08_20_28_01_209.jpg,-15,0,0,0,101.8161,88.37453,0.02989858,82.14136,359.9731
/Users/rustameynaliyev/Desktop/Developer/robotics/Roverism/IMG/IMG/robocam_2017_07_08_20_28_01_259.jpg,-15,0,0,0,101.8161,88.37455,0.01383414,79.44134,359.9635
/Users/rustameynaliyev/Desktop/Developer/robotics/Roverism/IMG/IMG/robocam_2017_07_08_20_28_01_325.jpg,-15,0,0,0,101.8161,88.37456,-0.0004223849,76.74131,359.9541
/Users/rustameynaliyev/Desktop/Developer/robotics/Roverism/IMG/IMG/robocam_2017_07_08_20_28_01_375.jpg,-15,0,0,0,101.8161,88.37456,359.9872,74.04129,359.9452
/Users/rustameynaliyev/Desktop/Developer/robotics/Roverism/IMG/IMG/robocam_2017_07_08_20_28_01_426.jpg,-15,0,0,0,101.8161,88.37457,359.98,72.24128,359.9396
/Users/rustameynaliyev/Desktop/Developer/robotics/Roverism/IMG/IMG/robocam_2017_07_08_20_28_01_476.jpg,-15,0,0,0,101.8161,88.37457,359.9708,69.54121,359.9321
/Users/rustameynaliyev/Desktop/Developer/robotics/Roverism/IMG/IMG/robocam_2017_07_08_20_28_01_525.jpg,-15,0,0,0,101.8161,88.37458,359.9657,67.74119,359.9277
/Users/rustameynaliyev/Desktop/Developer/robotics/Roverism/IMG/IMG/robocam_2017_07_08_20_28_01_576.jpg,-15,0,0,0,101.8161,88.37459,359.9595,65.04115,359.9223
/Users/rustameynaliyev/Desktop/Developer/robotics/Roverism/IMG/IMG/robocam_2017_07_08_20_28_01_625.jpg,-15,0,0,0,101.8161,88.3746,359.9562,63.24114,359.9194
/Users/rustameynaliyev/Desktop/Developer/robotics/Roverism/IMG/IMG/robocam_2017_07_08_20_28_01_692.jpg,-15,0,0,0,101.8161,88.3746,359.9517,59.64111,359.9157
/Users/rustameynaliyev/Desktop/Developer/robotics/Roverism/IMG/IMG/robocam_2017_07_08_20_28_01_742.jpg,-15,0,0,0,101.8161,88.3746,359.9502,57.84109,359.9149
/Users/rustameynaliyev/Desktop/Developer/robotics/Roverism/IMG/IMG/robocam_2017_07_08_20_28_01_793.jpg,-15,0,0,0,101.8161,88.3746,359.9489,55.14108,359.9149
/Users/rustameynaliyev/Desktop/Developer/robotics/Roverism/IMG/IMG/robocam_2017_07_08_20_28_01_842.jpg,-15,0,0,0,101.8161,88.3746,359.9486,53.34107,359.9158
/Users/rustameynaliyev/Desktop/Developer/robotics/Roverism/IMG/IMG/robocam_2017_07_08_20_28_01_892.jpg,-15,0,0,0,101.8161,88.37459,359.9488,50.64105,359.9182
/Users/rustameynaliyev/Desktop/Developer/robotics/Roverism/IMG/IMG/robocam_2017_07_08_20_28_01_942.jpg,-15,0,0,0,101.8161,88.37459,359.9492,48.84105,359.9207
/Users/rustameynaliyev/Desktop/Developer/robotics/Roverism/IMG/IMG/robocam_2017_07_08_20_28_02_466.jpg,-15,0,0,0,101.8161,88.37458,359.958,32.64092,359.9609
/Users/rustameynaliyev/Desktop/Developer/robotics/Roverism/IMG/IMG/robocam_2017_07_08_20_28_02_508.jpg,-15,0,0,0,101.8161,88.37457,359.9594,29.9409,359.9692
/Users/rustameynaliyev/Desktop/Developer/robotics/Roverism/IMG/IMG/robocam_2017_07_08_20_28_02_559.jpg,-15,0,0,0,101.8161,88.37457,359.9602,28.14085,359.9747
/Users/rustameynaliyev/Desktop/Developer/robotics/Roverism/IMG/IMG/robocam_2017_07_08_20_28_02_609.jpg,-15,0,0,0,101.8161,88.37457,359.9613,25.44083,359.9828
/Users/rustameynaliyev/Desktop/Developer/robotics/Roverism/IMG/IMG/robocam_2017_07_08_20_28_02_659.jpg,-15,0,0,0,101.8161,88.37456,359.962,23.64079,359.9881
/Users/rustameynaliyev/Desktop/Developer/robotics/Roverism/IMG/IMG/robocam_2017_07_08_20_28_02_709.jpg,-15,0,0,0,101.8161,88.37455,359.9629,20.94083,-0.004373775
/Users/rustameynaliyev/Desktop/Developer/robotics/Roverism/IMG/IMG/robocam_2017_07_08_20_28_02_759.jpg,-15,0,0,0,101.8161,88.37454,359.9635,19.14088,0.0003799727
/Users/rustameynaliyev/Desktop/Developer/robotics/Roverism/IMG/IMG/robocam_2017_07_08_20_28_02_808.jpg,-15,0,0,0,101.8161,88.37454,359.9642,16.4409,0.007025166
/Users/rustameynaliyev/Desktop/Developer/robotics/Roverism/IMG/IMG/robocam_2017_07_08_20_28_02_858.jpg,-15,0,0,0,101.8161,88.37454,359.9648,14.6409,0.0110992
/Users/rustameynaliyev/Desktop/Developer/robotics/Roverism/IMG/IMG/robocam_2017_07_08_20_28_02_909.jpg,-15,0,0,0,101.8161,88.37453,359.9655,11.94091,0.01663307
/Users/rustameynaliyev/Desktop/Developer/robotics/Roverism/IMG/IMG/robocam_2017_07_08_20_28_02_959.jpg,-15,0,0,0,101.8161,88.37453,359.9661,10.14091,0.01992037
/Users/rustameynaliyev/Desktop/Developer/robotics/Roverism/IMG/IMG/robocam_2017_07_08_20_28_03_026.jpg,-15,0,0,0,101.8161,88.37453,359.9673,6.540955,0.02550579
/Users/rustameynaliyev/Desktop/Developer/robotics/Roverism/IMG/IMG/robocam_2017_07_08_20_28_03_075.jpg,-15,0,0,0,101.8161,88.37456,359.968,4.740959,0.02780194
/Users/rustameynaliyev/Desktop/Developer/robotics/Roverism/IMG/IMG/robocam_2017_07_08_20_28_03_126.jpg,-15,0,0,0,101.8161,88.37457,359.9692,2.040955,0.03064077
/Users/rustameynaliyev/Desktop/Developer/robotics/Roverism/IMG/IMG/robocam_2017_07_08_20_28_03_175.jpg,-15,0,0,0,101.8161,88.37456,359.9702,0.2409668,0.03214211
/Users/rustameynaliyev/Desktop/Developer/robotics/Roverism/IMG/IMG/robocam_2017_07_08_20_28_03_225.jpg,-15,0,0,0,101.8161,88.37456,359.9718,357.541,0.03383562
/Users/rustameynaliyev/Desktop/Developer/robotics/Roverism/IMG/IMG/robocam_2017_07_08_20_28_03_275.jpg,-15,0,0,0,101.8161,88.37456,359.973,355.741,0.03461402
/Users/rustameynaliyev/Desktop/Developer/robotics/Roverism/IMG/IMG/robocam_2017_07_08_20_28_03_326.jpg,-15,0,0,0,101.8161,88.37456,359.9749,353.041,0.03529689
/Users/rustameynaliyev/Desktop/Developer/robotics/Roverism/IMG/IMG/robocam_2017_07_08_20_28_03_375.jpg,-15,0,0,0,101.8161,88.37455,359.9764,351.241,0.03545526
/Users/rustameynaliyev/Desktop/Developer/robotics/Roverism/IMG/IMG/robocam_2017_07_08_20_28_03_425.jpg,-15,0,0,0,101.8161,88.37456,359.9788,348.5411,0.03529556
/Users/rustameynaliyev/Desktop/Developer/robotics/Roverism/IMG/IMG/robocam_2017_07_08_20_28_03_475.jpg,-15,0,0,0,101.8161,88.37455,359.9805,346.7411,0.03495339
/Users/rustameynaliyev/Desktop/Developer/robotics/Roverism/IMG/IMG/robocam_2017_07_08_20_28_03_525.jpg,-15,0,0,0,101.8161,88.37456,359.9832,344.0411,0.03413561
/Users/rustameynaliyev/Desktop/Developer/robotics/Roverism/IMG/IMG/robocam_2017_07_08_20_28_03_575.jpg,-15,0,0,0,101.8161,88.37455,359.9852,342.2411,0.033414
/Users/rustameynaliyev/Desktop/Developer/robotics/Roverism/IMG/IMG/robocam_2017_07_08_20_28_03_625.jpg,-15,0,0,0,101.8161,88.37456,359.9882,339.5411,0.03211935
/Users/rustameynaliyev/Desktop/Developer/robotics/Roverism/IMG/IMG/robocam_2017_07_08_20_28_03_675.jpg,-15,0,0,0,101.8161,88.37456,359.9903,337.7411,0.0311371
/Users/rustameynaliyev/Desktop/Developer/robotics/Roverism/IMG/IMG/robocam_2017_07_08_20_28_03_725.jpg,-15,0,0,0,101.8161,88.37456,359.9934,335.0411,0.0295277
/Users/rustameynaliyev/Desktop/Developer/robotics/Roverism/IMG/IMG/robocam_2017_07_08_20_28_03_775.jpg,-15,0,0,0,101.8161,88.37457,-0.004424171,333.2411,0.02838526
/Users/rustameynaliyev/Desktop/Developer/robotics/Roverism/IMG/IMG/robocam_2017_07_08_20_28_03_825.jpg,-15,0,0,0,101.8161,88.37457,-0.001226574,330.5412,0.02660098
/Users/rustameynaliyev/Desktop/Developer/robotics/Roverism/IMG/IMG/robocam_2017_07_08_20_28_03_875.jpg,-15,0,0,0,101.8161,88.37457,0.0008814562,328.7412,0.02538172
/Users/rustameynaliyev/Desktop/Developer/robotics/Roverism/IMG/IMG/robocam_2017_07_08_20_28_03_925.jpg,-15,0,0,0,101.8161,88.37457,0.003975028,326.0412,0.02353169
/Users/rustameynaliyev/Desktop/Developer/robotics/Roverism/IMG/IMG/robocam_2017_07_08_20_28_03_975.jpg,-15,0,0,0,101.8161,88.37457,0.005971008,324.2412,0.02229706
/Users/rustameynaliyev/Desktop/Developer/robotics/Roverism/IMG/IMG/robocam_2017_07_08_20_28_04_026.jpg,-15,0,0,0,101.8161,88.37457,0.00883318,321.5413,0.02046027
/Users/rustameynaliyev/Desktop/Developer/robotics/Roverism/IMG/IMG/robocam_2017_07_08_20_28_04_075.jpg,-15,0,0,0,101.8161,88.37457,0.01063594,319.7413,0.01925259
/Users/rustameynaliyev/Desktop/Developer/robotics/Roverism/IMG/IMG/robocam_2017_07_08_20_28_04_126.jpg,-15,0,0,0,101.8161,88.37457,0.01315868,317.0413,0.01747584
/Users/rustameynaliyev/Desktop/Developer/robotics/Roverism/IMG/IMG/robocam_2017_07_08_20_28_04_175.jpg,-15,0,0,0,101.8161,88.37457,0.0147038,315.2413,0.016319
/Users/rustameynaliyev/Desktop/Developer/robotics/Roverism/IMG/IMG/robocam_2017_07_08_20_28_04_226.jpg,-15,0,0,0,101.8161,88.37457,0.01679906,312.5413,0.01462874
/Users/rustameynaliyev/Desktop/Developer/robotics/Roverism/IMG/IMG/robocam_2017_07_08_20_28_04_275.jpg,-15,0,0,0,101.8161,88.37457,0.01803833,310.7413,0.01353217
/Users/rustameynaliyev/Desktop/Developer/robotics/Roverism/IMG/IMG/robocam_2017_07_08_20_28_04_326.jpg,-15,0,0,0,101.8161,88.37457,0.01964588,308.0413,0.01193338
/Users/rustameynaliyev/Desktop/Developer/robotics/Roverism/IMG/IMG/robocam_2017_07_08_20_28_04_375.jpg,-15,0,0,0,101.8161,88.37457,0.02054844,306.2412,0.01089728
/Users/rustameynaliyev/Desktop/Developer/robotics/Roverism/IMG/IMG/robocam_2017_07_08_20_28_04_426.jpg,-15,0,0,0,101.8161,88.37457,0.02164201,303.5413,0.00938464
/Users/rustameynaliyev/Desktop/Developer/robotics/Roverism/IMG/IMG/robocam_2017_07_08_20_28_04_475.jpg,-15,0,0,0,101.8161,88.37457,0.02219889,301.7413,0.008402321
/Users/rustameynaliyev/Desktop/Developer/robotics/Roverism/IMG/IMG/robocam_2017_07_08_20_28_04_525.jpg,-15,0,0,0,101.8161,88.37458,0.02277688,299.0413,0.006964384
/Users/rustameynaliyev/Desktop/Developer/robotics/Roverism/IMG/IMG/robocam_2017_07_08_20_28_04_575.jpg,-15,0,0,0,101.8161,88.37458,0.02299495,297.2413,0.006028615
/Users/rustameynaliyev/Desktop/Developer/robotics/Roverism/IMG/IMG/robocam_2017_07_08_20_28_04_625.jpg,-15,0,0,0,101.8161,88.37457,0.02308171,294.5413,0.004652633
/Users/rustameynaliyev/Desktop/Developer/robotics/Roverism/IMG/IMG/robocam_2017_07_08_20_28_04_675.jpg,-15,0,0,0,101.8161,88.37458,0.02298718,292.7413,0.003753989
/Users/rustameynaliyev/Desktop/Developer/robotics/Roverism/IMG/IMG/robocam_2017_07_08_20_28_04_724.jpg,-15,0,0,0,101.8161,88.37458,0.02262861,290.0413,0.002433234
/Users/rustameynaliyev/Desktop/Developer/robotics/Roverism/IMG/IMG/robocam_2017_07_08_20_28_04_776.jpg,-15,0,0,0,101.8161,88.37458,0.02225553,288.2413,0.001570322
/Users/rustameynaliyev/Desktop/Developer/robotics/Roverism/IMG/IMG/robocam_2017_07_08_20_28_04_825.jpg,-15,0,0,0,101.8162,88.37458,0.02151458,285.5413,0.0003007159
/Users/rustameynaliyev/Desktop/Developer/robotics/Roverism/IMG/IMG/robocam_2017_07_08_20_28_04_875.jpg,-15,0,0,0,101.8162,88.37458,0.02091082,283.7413,-0.0005274077
/Users/rustameynaliyev/Desktop/Developer/robotics/Roverism/IMG/IMG/robocam_2017_07_08_20_28_04_925.jpg,-15,0,0,0,101.8162,88.37459,0.01985897,281.0413,-0.001739773
/Users/rustameynaliyev/Desktop/Developer/robotics/Roverism/IMG/IMG/robocam_2017_07_08_20_28_04_975.jpg,-15,0,0,0,101.8162,88.37458,0.01907418,279.2412,-0.002525964
/Users/rustameynaliyev/Desktop/Developer/robotics/Roverism/IMG/IMG/robocam_2017_07_08_20_28_05_025.jpg,-15,0,0,0,101.8162,88.37458,0.01778767,276.5413,-0.003668359
/Users/rustameynaliyev/Desktop/Developer/robotics/Roverism/IMG/IMG/robocam_2017_07_08_20_28_05_076.jpg,-15,0,0,0,101.8162,88.37458,0.01687158,274.7412,-0.004403748
/Users/rustameynaliyev/Desktop/Developer/robotics/Roverism/IMG/IMG/robocam_2017_07_08_20_28_05_127.jpg,-15,0,0,0,101.8162,88.37458,0.01542862,272.0412,-0.005459493
/Users/rustameynaliyev/Desktop/Developer/robotics/Roverism/IMG/IMG/robocam_2017_07_08_20_28_05_177.jpg,-15,0,0,0,101.8162,88.37459,0.01443234,270.2412,359.9939
/Users/rustameynaliyev/Desktop/Developer/robotics/Roverism/IMG/IMG/robocam_2017_07_08_20_28_05_228.jpg,-15,0,0,0,101.8162,88.3746,0.01290202,267.5412,359.9929
/Users/rustameynaliyev/Desktop/Developer/robotics/Roverism/IMG/IMG/robocam_2017_07_08_20_28_05_277.jpg,-15,0,0,0,101.8162,88.37459,0.01186901,265.7412,359.9923
/Users/rustameynaliyev/Desktop/Developer/robotics/Roverism/IMG/IMG/robocam_2017_07_08_20_28_05_325.jpg,-15,0,0,0,101.8162,88.37458,0.010317,263.0412,359.9915
/Users/rustameynaliyev/Desktop/Developer/robotics/Roverism/IMG/IMG/robocam_2017_07_08_20_28_05_376.jpg,-15,0,0,0,101.8162,88.37457,0.009288949,261.2412,359.991
/Users/rustameynaliyev/Desktop/Developer/robotics/Roverism/IMG/IMG/robocam_2017_07_08_20_28_05_426.jpg,-15,0,0.1499251,-0.01651703,101.816,88.37383,0.02424418,261.1875,359.9897
/Users/rustameynaliyev/Desktop/Developer/robotics/Roverism/IMG/IMG/robocam_2017_07_08_20_28_05_475.jpg,-14.30173,0,0.2968111,0,101.8161,88.37379,0.02198076,261.1869,359.9904
/Users/rustameynaliyev/Desktop/Developer/robotics/Roverism/IMG/IMG/robocam_2017_07_08_20_28_05_526.jpg,-12.05975,0,0.446277,0,101.8161,88.37378,0.01840885,261.1868,359.9912
/Users/rustameynaliyev/Desktop/Developer/robotics/Roverism/IMG/IMG/robocam_2017_07_08_20_28_05_575.jpg,-9.771541,0,0.5988241,0,101.8161,88.37378,0.0159714,261.1868,359.9917
/Users/rustameynaliyev/Desktop/Developer/robotics/Roverism/IMG/IMG/robocam_2017_07_08_20_28_05_625.jpg,-7.550025,0,0.7469251,0,101.8161,88.37377,0.0122888,261.1868,359.9926
/Users/rustameynaliyev/Desktop/Developer/robotics/Roverism/IMG/IMG/robocam_2017_07_08_20_28_05_675.jpg,-5.293995,0,0.8973271,0,101.8161,88.37376,0.009848922,261.1868,359.9932
/Users/rustameynaliyev/Desktop/Developer/robotics/Roverism/IMG/IMG/robocam_2017_07_08_20_28_05_725.jpg,-3.041521,0,1,0,101.8161,88.37376,0.006263048,261.1868,359.9942
/Users/rustameynaliyev/Desktop/Developer/robotics/Roverism/IMG/IMG/robocam_2017_07_08_20_28_05_775.jpg,-0.8089793,0,1,0,101.8161,88.37375,0.003949256,261.1868,-0.005197329
/Users/rustameynaliyev/Desktop/Developer/robotics/Roverism/IMG/IMG/robocam_2017_07_08_20_28_05_825.jpg,0,0,1,0,101.8161,88.37376,0.0006348483,261.1868,-0.004221229
/Users/rustameynaliyev/Desktop/Developer/robotics/Roverism/IMG/IMG/robocam_2017_07_08_20_28_05_875.jpg,0,0,1,0,101.8161,88.37376,-0.001447694,261.1868,-0.00356829
/Users/rustameynaliyev/Desktop/Developer/robotics/Roverism/IMG/IMG/robocam_2017_07_08_20_28_05_925.jpg,0,0,1,0,101.8161,88.37376,-0.004349834,261.1868,-0.002602727
/Users/rustameynaliyev/Desktop/Developer/robotics/Roverism/IMG/IMG/robocam_2017_07_08_20_28_05_975.jpg,-2.978596,0,1,0,101.8161,88.37376,359.9939,261.1868,-0.001970735
/Users/rustameynaliyev/Desktop/Developer/robotics/Roverism/IMG/IMG/robocam_2017_07_08_20_28_06_025.jpg,-5.22954,0,1,0,101.8161,88.37376,359.9915,261.1868,-0.001057513
/Users/rustameynaliyev/Desktop/Developer/robotics/Roverism/IMG/IMG/robocam_2017_07_08_20_28_06_092.jpg,-7.47099,0,1,0,101.8161,88.37376,359.9894,261.1868,-0.0002019201
/Users/rustameynaliyev/Desktop/Developer/robotics/Roverism/IMG/IMG/robocam_2017_07_08_20_28_06_158.jpg,-10.48622,0,1,0,101.8161,88.37376,359.9878,261.1868,0.0005789128
/Users/rustameynaliyev/Desktop/Developer/robotics/Roverism/IMG/IMG/robocam_2017_07_08_20_28_06_208.jpg,-13.46549,0,1,0,101.8161,88.37376,359.9865,261.1868,0.001271586
/Users/rustameynaliyev/Desktop/Developer/robotics/Roverism/IMG/IMG/robocam_2017_07_08_20_28_06_259.jpg,-15,0,1,0,101.8161,88.37376,359.9857,261.1868,0.001675071
/Users/rustameynaliyev/Desktop/Developer/robotics/Roverism/IMG/IMG/robocam_2017_07_08_20_28_06_311.jpg,-15,0,1,0,101.8161,88.37375,359.985,261.1868,0.002188445
/Users/rustameynaliyev/Desktop/Developer/robotics/Roverism/IMG/IMG/robocam_2017_07_08_20_28_06_359.jpg,-15,0,1,0,101.8161,88.37376,359.9847,261.1868,0.002467848
/Users/rustameynaliyev/Desktop/Developer/robotics/Roverism/IMG/IMG/robocam_2017_07_08_20_28_06_410.jpg,-15,0,1,0,101.8161,88.37376,359.9846,261.1868,0.00279782
/Users/rustameynaliyev/Desktop/Developer/robotics/Roverism/IMG/IMG/robocam_2017_07_08_20_28_06_459.jpg,-1.484326,0,0,0,101.8161,88.37376,359.9846,260.1977,0.002681981
/Users/rustameynaliyev/Desktop/Developer/robotics/Roverism/IMG/IMG/robocam_2017_07_08_20_28_06_510.jpg,-3.720645,0,0,0,101.8161,88.37375,359.9849,259.6628,0.002709298
/Users/rustameynaliyev/Desktop/Developer/robotics/Roverism/IMG/IMG/robocam_2017_07_08_20_28_06_558.jpg,-5.243762,0,0,0,101.8161,88.37374,359.9853,259.0797,0.002643953
/Users/rustameynaliyev/Desktop/Developer/robotics/Roverism/IMG/IMG/robocam_2017_07_08_20_28_06_610.jpg,-8.20179,0,0,0,101.8161,88.37375,359.986,257.7363,0.002414656
/Users/rustameynaliyev/Desktop/Developer/robotics/Roverism/IMG/IMG/robocam_2017_07_08_20_28_06_659.jpg,-10.46741,0,0,0,101.8161,88.37376,359.9866,256.5698,0.00220454
/Users/rustameynaliyev/Desktop/Developer/robotics/Roverism/IMG/IMG/robocam_2017_07_08_20_28_06_709.jpg,-11.22606,0,0,0,101.8161,88.37376,359.9876,254.5041,0.001860017
/Users/rustameynaliyev/Desktop/Developer/robotics/Roverism/IMG/IMG/robocam_2017_07_08_20_28_06_759.jpg,-8.999098,0,0,0,101.8161,88.37376,359.9884,253.335,0.001709714
/Users/rustameynaliyev/Desktop/Developer/robotics/Roverism/IMG/IMG/robocam_2017_07_08_20_28_06_808.jpg,-6.727321,0,0,0,101.8161,88.37376,359.9898,251.9884,0.001602247
/Users/rustameynaliyev/Desktop/Developer/robotics/Roverism/IMG/IMG/robocam_2017_07_08_20_28_06_858.jpg,-4.49082,0.04998904,0,0,101.816,88.37363,359.9937,251.6286,0.001557267
/Users/rustameynaliyev/Desktop/Developer/robotics/Roverism/IMG/IMG/robocam_2017_07_08_20_28_06_908.jpg,-2.974184,0.1510981,0,0.01127188,101.816,88.3736,-0.003510876,251.572,0.001231036
/Users/rustameynaliyev/Desktop/Developer/robotics/Roverism/IMG/IMG/robocam_2017_07_08_20_28_06_958.jpg,0,0.349593,0,0,101.8158,88.37296,0.01186269,251.6148,0.001124477
/Users/rustameynaliyev/Desktop/Developer/robotics/Roverism/IMG/IMG/robocam_2017_07_08_20_28_07_008.jpg,0,0.499653,0,0.04198852,101.8148,88.37009,0.077528,251.5699,0.001246464
/Users/rustameynaliyev/Desktop/Developer/robotics/Roverism/IMG/IMG/robocam_2017_07_08_20_28_07_059.jpg,0,0.650661,0,0.0490441,101.8138,88.36707,0.1428145,251.5376,0.001336762
/Users/rustameynaliyev/Desktop/Developer/robotics/Roverism/IMG/IMG/robocam_2017_07_08_20_28_07_110.jpg,0,0.8022391,0,0.08885746,101.8113,88.35963,0.3003761,251.5728,0.001235874
/Users/rustameynaliyev/Desktop/Developer/robotics/Roverism/IMG/IMG/robocam_2017_07_08_20_28_07_176.jpg,0,0.9006541,0,0.1058196,101.8079,88.34922,0.4986688,251.7024,-0.002219975
/Users/rustameynaliyev/Desktop/Developer/robotics/Roverism/IMG/IMG/robocam_2017_07_08_20_28_07_225.jpg,0,1,0,0.1688787,101.8036,88.33608,0.7139367,251.7928,-0.0001545317
/Users/rustameynaliyev/Desktop/Developer/robotics/Roverism/IMG/IMG/robocam_2017_07_08_20_28_07_275.jpg,0,1,0,0.2035669,101.8001,88.32541,0.8744726,251.7581,0.000450845
/Users/rustameynaliyev/Desktop/Developer/robotics/Roverism/IMG/IMG/robocam_2017_07_08_20_28_07_325.jpg,0,1,0,0.2509389,101.794,88.30711,1.120861,251.6456,0.0005680283
/Users/rustameynaliyev/Desktop/Developer/robotics/Roverism/IMG/IMG/robocam_2017_07_08_20_28_07_375.jpg,0,1,0,0.2876641,101.7895,88.29319,1.27691,251.653,0.001423167
/Users/rustameynaliyev/Desktop/Developer/robotics/Roverism/IMG/IMG/robocam_2017_07_08_20_28_07_424.jpg,0,0.8514491,0,0.3297042,101.7831,88.27462,1.27571,251.7403,0.002539018
/Users/rustameynaliyev/Desktop/Developer/robotics/Roverism/IMG/IMG/robocam_2017_07_08_20_28_07_475.jpg,0,0.701836,0,0.3945412,101.7785,88.26082,1.201694,251.7481,0.0005385828
/Users/rustameynaliyev/Desktop/Developer/robotics/Roverism/IMG/IMG/robocam_2017_07_08_20_28_07_525.jpg,0,0.551908,0,0.4210058,101.7714,88.23898,1.088729,251.8416,-0.0008640548
/Users/rustameynaliyev/Desktop/Developer/robotics/Roverism/IMG/IMG/robocam_2017_07_08_20_28_07_575.jpg,0,0.401077,0,0.4315529,101.7664,88.22343,1.027979,251.9746,-0.001302881
/Users/rustameynaliyev/Desktop/Developer/robotics/Roverism/IMG/IMG/robocam_2017_07_08_20_28_07_625.jpg,0,0.250873,0,0.4426112,101.7587,88.1999,0.9324275,251.6964,0.001339201
/Users/rustameynaliyev/Desktop/Developer/robotics/Roverism/IMG/IMG/robocam_2017_07_08_20_28_07_675.jpg,0,0.1391831,0,0.4353638,101.7535,88.18411,0.8654818,251.7658,-0.003458111
/Users/rustameynaliyev/Desktop/Developer/robotics/Roverism/IMG/IMG/robocam_2017_07_08_20_28_07_725.jpg,0,0,0,0.4572792,101.7455,88.15992,0.7694751,251.8231,359.9921
/Users/rustameynaliyev/Desktop/Developer/robotics/Roverism/IMG/IMG/robocam_2017_07_08_20_28_07_776.jpg,0,0,0,0.4524609,101.7403,88.14391,0.6980411,251.8245,359.9901
/Users/rustameynaliyev/Desktop/Developer/robotics/Roverism/IMG/IMG/robocam_2017_07_08_20_28_07_825.jpg,0,0,0,0.4512175,101.7325,88.12013,0.5812542,251.8246,359.9875
/Users/rustameynaliyev/Desktop/Developer/robotics/Roverism/IMG/IMG/robocam_2017_07_08_20_28_07_875.jpg,0,0,0,0.4503559,101.7273,88.10439,0.499129,251.8246,359.9861
/Users/rustameynaliyev/Desktop/Developer/robotics/Roverism/IMG/IMG/robocam_2017_07_08_20_28_07_925.jpg,0,0,0,0.4490134,101.7196,88.08087,0.3729987,251.8246,359.9843
/Users/rustameynaliyev/Desktop/Developer/robotics/Roverism/IMG/IMG/robocam_2017_07_08_20_28_07_975.jpg,0,0,0,0.4480858,101.7145,88.06525,0.2888058,251.8246,359.9834
/Users/rustameynaliyev/Desktop/Developer/robotics/Roverism/IMG/IMG/robocam_2017_07_08_20_28_08_025.jpg,0,0,0,0.4466483,101.7068,88.04184,0.1652332,251.8245,359.9825
/Users/rustameynaliyev/Desktop/Developer/robotics/Roverism/IMG/IMG/robocam_2017_07_08_20_28_08_075.jpg,0,0,0,0.4456609,101.7017,88.02623,0.08613607,251.8245,359.9821
/Users/rustameynaliyev/Desktop/Developer/robotics/Roverism/IMG/IMG/robocam_2017_07_08_20_28_08_126.jpg,0,0,0,0.4441406,101.6939,88.00275,359.9746,251.8245,359.9818
/Users/rustameynaliyev/Desktop/Developer/robotics/Roverism/IMG/IMG/robocam_2017_07_08_20_28_08_175.jpg,0,0,0,0.4431034,101.6888,87.98706,359.906,251.8245,359.9818
/Users/rustameynaliyev/Desktop/Developer/robotics/Roverism/IMG/IMG/robocam_2017_07_08_20_28_08_225.jpg,0,0,0,0.4415176,101.681,87.96343,359.8132,251.8245,359.9822
/Users/rustameynaliyev/Desktop/Developer/robotics/Roverism/IMG/IMG/robocam_2017_07_08_20_28_08_275.jpg,0,0,0,0.4404433,101.6758,87.94761,359.7587,251.8245,359.9827
/Users/rustameynaliyev/Desktop/Developer/robotics/Roverism/IMG/IMG/robocam_2017_07_08_20_28_08_326.jpg,0,0,0,0.438812,101.668,87.92375,359.6887,251.8245,359.9836
/Users/rustameynaliyev/Desktop/Developer/robotics/Roverism/IMG/IMG/robocam_2017_07_08_20_28_08_376.jpg,0,0,0,0.4377143,101.6628,87.90777,359.65,251.8245,359.9843
/Users/rustameynaliyev/Desktop/Developer/robotics/Roverism/IMG/IMG/robocam_2017_07_08_20_28_08_425.jpg,0,0,0,0.4360582,101.6549,87.88367,359.6041,251.8245,359.9856
/Users/rustameynaliyev/Desktop/Developer/robotics/Roverism/IMG/IMG/robocam_2017_07_08_20_28_08_475.jpg,0,0,0,0.4349506,101.6496,87.86752,359.5814,251.8245,359.9866
/Users/rustameynaliyev/Desktop/Developer/robotics/Roverism/IMG/IMG/robocam_2017_07_08_20_28_08_525.jpg,0,0,0,0.4332465,101.6416,87.84313,359.5621,251.8257,359.9915
/Users/rustameynaliyev/Desktop/Developer/robotics/Roverism/IMG/IMG/robocam_2017_07_08_20_28_08_576.jpg,0,0,0,0.4320859,101.6362,87.82681,359.5568,251.8257,-0.0056214
/Users/rustameynaliyev/Desktop/Developer/robotics/Roverism/IMG/IMG/robocam_2017_07_08_20_28_08_626.jpg,0,0,0,0.4303795,101.6282,87.8022,359.5607,251.8263,0.0006978537
/Users/rustameynaliyev/Desktop/Developer/robotics/Roverism/IMG/IMG/robocam_2017_07_08_20_28_08_676.jpg,0,0,0,0.4292925,101.6228,87.78576,359.5688,251.8263,0.004253461
/Users/rustameynaliyev/Desktop/Developer/robotics/Roverism/IMG/IMG/robocam_2017_07_08_20_28_08_726.jpg,0,0,0,0.4276776,101.6147,87.76105,359.5883,251.8263,0.009105863
/Users/rustameynaliyev/Desktop/Developer/robotics/Roverism/IMG/IMG/robocam_2017_07_08_20_28_08_776.jpg,2.273221,0,0,0.4265415,101.6095,87.74451,359.6051,251.8629,0.01754226
/Users/rustameynaliyev/Desktop/Developer/robotics/Roverism/IMG/IMG/robocam_2017_07_08_20_28_08_825.jpg,4.490954,0,0,0.4247222,101.6021,87.71958,359.6349,251.9827,0.03805403
/Users/rustameynaliyev/Desktop/Developer/robotics/Roverism/IMG/IMG/robocam_2017_07_08_20_28_08_875.jpg,6.778484,0,0,0.4232747,101.5975,87.70288,359.6565,252.1203,0.05902822
/Users/rustameynaliyev/Desktop/Developer/robotics/Roverism/IMG/IMG/robocam_2017_07_08_20_28_08_926.jpg,9.003736,0,0,0.4210856,101.5911,87.67778,359.6925,252.3891,0.09501404
/Users/rustameynaliyev/Desktop/Developer/robotics/Roverism/IMG/IMG/robocam_2017_07_08_20_28_08_975.jpg,11.22966,0,0,0.4192531,101.5872,87.661,359.7174,252.6227,0.1242233
/Users/rustameynaliyev/Desktop/Developer/robotics/Roverism/IMG/IMG/robocam_2017_07_08_20_28_09_025.jpg,13.49496,0,0,0.4164643,101.582,87.63586,359.7553,253.0345,0.172109
/Users/rustameynaliyev/Desktop/Developer/robotics/Roverism/IMG/IMG/robocam_2017_07_08_20_28_09_074.jpg,12.7719,0,0,0.4143919,101.5787,87.61913,359.7807,253.3286,0.2030417
/Users/rustameynaliyev/Desktop/Developer/robotics/Roverism/IMG/IMG/robocam_2017_07_08_20_28_09_125.jpg,10.4904,0,0,0.4133252,101.5736,87.59415,359.8197,253.7038,0.2356484
/Users/rustameynaliyev/Desktop/Developer/robotics/Roverism/IMG/IMG/robocam_2017_07_08_20_28_09_175.jpg,8.280853,0,0,0.412761,101.5699,87.57761,359.8453,253.8993,0.2471702
/Users/rustameynaliyev/Desktop/Developer/robotics/Roverism/IMG/IMG/robocam_2017_07_08_20_28_09_226.jpg,6.012493,0,0,0.4117251,101.5642,87.55293,359.882,254.1281,0.2525201
/Users/rustameynaliyev/Desktop/Developer/robotics/Roverism/IMG/IMG/robocam_2017_07_08_20_28_09_275.jpg,3.76911,0,0,0.4110219,101.5601,87.53661,359.9048,254.2246,0.2463651
/Users/rustameynaliyev/Desktop/Developer/robotics/Roverism/IMG/IMG/robocam_2017_07_08_20_28_09_341.jpg,1.517581,0,0,0.4097809,101.5537,87.51233,359.9358,254.3055,0.2265337
/Users/rustameynaliyev/Desktop/Developer/robotics/Roverism/IMG/IMG/robocam_2017_07_08_20_28_09_392.jpg,0.7577991,0,0,0.4083709,101.5471,87.4883,359.962,254.3172,0.1958106
/Users/rustameynaliyev/Desktop/Developer/robotics/Roverism/IMG/IMG/robocam_2017_07_08_20_28_09_442.jpg,3.03084,0,0,0.4070343,101.5428,87.47231,359.9768,254.3542,0.1790423
/Users/rustameynaliyev/Desktop/Developer/robotics/Roverism/IMG/IMG/robocam_2017_07_08_20_28_09_492.jpg,5.247449,0,0,0.4059847,101.537,87.44835,-0.005717564,254.4912,0.164015
/Users/rustameynaliyev/Desktop/Developer/robotics/Roverism/IMG/IMG/robocam_2017_07_08_20_28_09_542.jpg,7.518149,0,0,0.4043584,101.5334,87.43243,0.002763385,254.6226,0.1586919
/Users/rustameynaliyev/Desktop/Developer/robotics/Roverism/IMG/IMG/robocam_2017_07_08_20_28_09_592.jpg,9.761085,0,0,0.4029913,101.5286,87.40862,0.009970571,254.8986,0.160744
/Users/rustameynaliyev/Desktop/Developer/robotics/Roverism/IMG/IMG/robocam_2017_07_08_20_28_09_642.jpg,12.00164,0,0,0.4009435,101.5258,87.3928,0.01128337,255.1206,0.1665879
/Users/rustameynaliyev/Desktop/Developer/robotics/Roverism/IMG/IMG/robocam_2017_07_08_20_28_09_692.jpg,14.25667,0,0,0.3991097,101.5221,87.3692,0.007099775,255.5276,0.1847418
/Users/rustameynaliyev/Desktop/Developer/robotics/Roverism/IMG/IMG/robocam_2017_07_08_20_28_09_742.jpg,15,0,0,0.3965912,101.52,87.35356,0.0008217488,255.8276,0.1997689
/Users/rustameynaliyev/Desktop/Developer/robotics/Roverism/IMG/IMG/robocam_2017_07_08_20_28_09_792.jpg,15,0,0,0.3952415,101.5169,87.33026,359.9882,256.2772,0.220302
/Users/rustameynaliyev/Desktop/Developer/robotics/Roverism/IMG/IMG/robocam_2017_07_08_20_28_09_841.jpg,15,0,0,0.3932339,101.515,87.3148,359.9781,256.5751,0.2325188
/Users/rustameynaliyev/Desktop/Developer/robotics/Roverism/IMG/IMG/robocam_2017_07_08_20_28_09_892.jpg,15,0,0,0.3918982,101.5123,87.29175,359.9609,257.0193,0.2485413
/Users/rustameynaliyev/Desktop/Developer/robotics/Roverism/IMG/IMG/robocam_2017_07_08_20_28_09_941.jpg,15,0,0,0.3898984,101.5106,87.27645,359.9485,257.3139,0.2576553
/Users/rustameynaliyev/Desktop/Developer/robotics/Roverism/IMG/IMG/robocam_2017_07_08_20_28_09_991.jpg,15,0,0,0.388566,101.5082,87.25359,359.9308,257.753,0.2671003
/Users/rustameynaliyev/Desktop/Developer/robotics/Roverism/IMG/IMG/robocam_2017_07_08_20_28_10_041.jpg,15,0,0,0.3864853,101.5067,87.2384,359.9204,258.0445,0.2703459
/Users/rustameynaliyev/Desktop/Developer/robotics/Roverism/IMG/IMG/robocam_2017_07_08_20_28_10_092.jpg,15,0,0,0.3851312,101.5046,87.21565,359.9066,258.4803,0.271607
/Users/rustameynaliyev/Desktop/Developer/robotics/Roverism/IMG/IMG/robocam_2017_07_08_20_28_10_141.jpg,15,0,0,0.3831301,101.5034,87.20055,359.8979,258.7701,0.2709042
/Users/rustameynaliyev/Desktop/Developer/robotics/Roverism/IMG/IMG/robocam_2017_07_08_20_28_10_191.jpg,15,0,0,0.3817976,101.5016,87.17796,359.8861,259.2038,0.2676482
/Users/rustameynaliyev/Desktop/Developer/robotics/Roverism/IMG/IMG/robocam_2017_07_08_20_28_10_241.jpg,15,0,0,0.3798066,101.5005,87.16296,359.8791,259.4919,0.2638697
/Users/rustameynaliyev/Desktop/Developer/robotics/Roverism/IMG/IMG/robocam_2017_07_08_20_28_10_291.jpg,15,0,0,0.3784961,101.4991,87.14051,359.8694,259.9228,0.2566898
/Users/rustameynaliyev/Desktop/Developer/robotics/Roverism/IMG/IMG/robocam_2017_07_08_20_28_10_343.jpg,15,0,0,0.3765486,101.4982,87.1256,359.8637,260.209,0.2507361
/Users/rustameynaliyev/Desktop/Developer/robotics/Roverism/IMG/IMG/robocam_2017_07_08_20_28_10_391.jpg,15,0,0,0.3752643,101.497,87.10331,359.8559,260.6371,0.2409496
/Users/rustameynaliyev/Desktop/Developer/robotics/Roverism/IMG/IMG/robocam_2017_07_08_20_28_10_442.jpg,15,0,0,0.3739713,101.4964,87.08849,359.8511,260.9215,0.2340673
/Users/rustameynaliyev/Desktop/Developer/robotics/Roverism/IMG/IMG/robocam_2017_07_08_20_28_10_508.jpg,15,0,0,0.3720563,101.4953,87.05899,359.8431,261.488,0.2191362
/Users/rustameynaliyev/Desktop/Developer/robotics/Roverism/IMG/IMG/robocam_2017_07_08_20_28_10_558.jpg,15,0,0,0.3701368,101.4948,87.0443,359.8397,261.7701,0.2115677
/Users/rustameynaliyev/Desktop/Developer/robotics/Roverism/IMG/IMG/robocam_2017_07_08_20_28_10_609.jpg,15,0,0,0.3682349,101.4943,87.02234,359.8352,262.1919,0.2002568
/Users/rustameynaliyev/Desktop/Developer/robotics/Roverism/IMG/IMG/robocam_2017_07_08_20_28_10_658.jpg,15,0,0,0.3669697,101.494,87.00776,359.8328,262.4721,0.192826
/Users/rustameynaliyev/Desktop/Developer/robotics/Roverism/IMG/IMG/robocam_2017_07_08_20_28_10_710.jpg,15,0,0,0.3663378,101.4938,86.98595,359.8298,262.891,0.1819712
/Users/rustameynaliyev/Desktop/Developer/robotics/Roverism/IMG/IMG/robocam_2017_07_08_20_28_10_758.jpg,15,0,0,0.3638163,101.4937,86.97147,359.8284,263.1693,0.1749949
/Users/rustameynaliyev/Desktop/Developer/robotics/Roverism/IMG/IMG/robocam_2017_07_08_20_28_10_809.jpg,15,0,0,0.3619315,101.4937,86.94982,359.827,263.5854,0.1650239
/Users/rustameynaliyev/Desktop/Developer/robotics/Roverism/IMG/IMG/robocam_2017_07_08_20_28_10_859.jpg,15,0,0,0.3613045,101.4938,86.93545,359.8265,263.8618,0.1587519
/Users/rustameynaliyev/Desktop/Developer/robotics/Roverism/IMG/IMG/robocam_2017_07_08_20_28_10_908.jpg,15,0,0,0.3588032,101.4941,86.91396,359.8266,264.275,0.149976
/Users/rustameynaliyev/Desktop/Developer/robotics/Roverism/IMG/IMG/robocam_2017_07_08_20_28_10_975.jpg,15,0,0,0.3575569,101.4945,86.89257,359.8275,264.6865,0.1420217
/Users/rustameynaliyev/Desktop/Developer/robotics/Roverism/IMG/IMG/robocam_2017_07_08_20_28_11_025.jpg,15,0,0,0.355693,101.4951,86.87128,359.8291,265.0963,0.1349358
/Users/rustameynaliyev/Desktop/Developer/robotics/Roverism/IMG/IMG/robocam_2017_07_08_20_28_11_075.jpg,15,0,0,0.3538363,101.4956,86.85714,359.8305,265.3684,0.1307099
/Users/rustameynaliyev/Desktop/Developer/robotics/Roverism/IMG/IMG/robocam_2017_07_08_20_28_11_126.jpg,15,0,0,0.351987,101.4964,86.83603,359.833,265.7752,0.1251234
/Users/rustameynaliyev/Desktop/Developer/robotics/Roverism/IMG/IMG/robocam_2017_07_08_20_28_11_176.jpg,15,0,0,0.3507586,101.497,86.82201,359.835,266.0453,0.1218986
/Users/rustameynaliyev/Desktop/Developer/robotics/Roverism/IMG/IMG/robocam_2017_07_08_20_28_11_225.jpg,14.24103,0,0,0.3489224,101.4981,86.80106,359.8384,266.4437,0.1169044
/Users/rustameynaliyev/Desktop/Developer/robotics/Roverism/IMG/IMG/robocam_2017_07_08_20_28_11_275.jpg,11.98167,0,0,0.3482661,101.4986,86.78711,359.8423,266.671,0.1083965
/Users/rustameynaliyev/Desktop/Developer/robotics/Roverism/IMG/IMG/robocam_2017_07_08_20_28_11_324.jpg,9.758805,0,0,0.3472901,101.4991,86.76617,359.8502,266.9608,0.08996924
/Users/rustameynaliyev/Desktop/Developer/robotics/Roverism/IMG/IMG/robocam_2017_07_08_20_28_11_378.jpg,7.445759,0,0,0.3466969,101.4993,86.75223,359.8568,267.1084,0.07235883
/Users/rustameynaliyev/Desktop/Developer/robotics/Roverism/IMG/IMG/robocam_2017_07_08_20_28_11_425.jpg,5.248006,0,0,0.3456805,101.4993,86.73132,359.868,267.2759,0.04107517
/Users/rustameynaliyev/Desktop/Developer/robotics/Roverism/IMG/IMG/robocam_2017_07_08_20_28_11_475.jpg,2.98446,0,0,0.3449259,101.499,86.71742,359.876,267.3419,0.01575696
/Users/rustameynaliyev/Desktop/Developer/robotics/Roverism/IMG/IMG/robocam_2017_07_08_20_28_11_525.jpg,0.7525054,0,0,0.3436796,101.4983,86.69662,359.8882,267.3877,359.9742
/Users/rustameynaliyev/Desktop/Developer/robotics/Roverism/IMG/IMG/robocam_2017_07_08_20_28_11_575.jpg,0,0,0,0.3427762,101.4977,86.6828,359.8961,267.3896,359.9454
/Users/rustameynaliyev/Desktop/Developer/robotics/Roverism/IMG/IMG/robocam_2017_07_08_20_28_11_625.jpg,0,0,0,0.3415476,101.4968,86.66215,359.9074,267.3896,359.9063
/Users/rustameynaliyev/Desktop/Developer/robotics/Roverism/IMG/IMG/robocam_2017_07_08_20_28_11_675.jpg,0,0,0,0.3407365,101.4962,86.64843,359.9144,267.3895,359.8832
/Users/rustameynaliyev/Desktop/Developer/robotics/Roverism/IMG/IMG/robocam_2017_07_08_20_28_11_725.jpg,0,0,0,0.3395305,101.4953,86.62791,359.9241,267.3895,359.8532
/Users/rustameynaliyev/Desktop/Developer/robotics/Roverism/IMG/IMG/robocam_2017_07_08_20_28_11_776.jpg,0,0,0,0.3387343,101.4947,86.61428,359.9298,267.3894,359.8363
/Users/rustameynaliyev/Desktop/Developer/robotics/Roverism/IMG/IMG/robocam_2017_07_08_20_28_11_826.jpg,0,0,0,0.3375524,101.4939,86.59391,359.9374,267.3894,359.8158
/Users/rustameynaliyev/Desktop/Developer/robotics/Roverism/IMG/IMG/robocam_2017_07_08_20_28_11_876.jpg,0,0,0,0.3367727,101.4933,86.58039,359.9417,267.3893,359.8052
/Users/rustameynaliyev/Desktop/Developer/robotics/Roverism/IMG/IMG/robocam_2017_07_08_20_28_11_927.jpg,0,0,0,0.3356152,101.4924,86.56019,359.9471,267.3893,359.7938
/Users/rustameynaliyev/Desktop/Developer/robotics/Roverism/IMG/IMG/robocam_2017_07_08_20_28_11_975.jpg,0,0,0,0.3348512,101.4918,86.54678,359.9498,267.3892,359.7891
/Users/rustameynaliyev/Desktop/Developer/robotics/Roverism/IMG/IMG/robocam_2017_07_08_20_28_13_364.jpg,0,0,0,0.3340929,101.4865,86.42772,359.9514,267.3889,359.8315
/Users/rustameynaliyev/Desktop/Developer/robotics/Roverism/IMG/IMG/robocam_2017_07_08_20_28_13_415.jpg,0,0,0,0.32741,101.4859,86.41467,359.9497,267.3941,359.8436
/Users/rustameynaliyev/Desktop/Developer/robotics/Roverism/IMG/IMG/robocam_2017_07_08_20_28_13_458.jpg,0,0,0,0.3263242,101.4853,86.40165,359.9478,267.3943,359.8557
/Users/rustameynaliyev/Desktop/Developer/robotics/Roverism/IMG/IMG/robocam_2017_07_08_20_28_13_513.jpg,0,0,0,0.3255923,101.4844,86.38219,359.9445,267.3943,359.875
/Users/rustameynaliyev/Desktop/Developer/robotics/Roverism/IMG/IMG/robocam_2017_07_08_20_28_13_558.jpg,0,0,0,0.3244942,101.4838,86.36926,359.9423,267.3942,359.8883
/Users/rustameynaliyev/Desktop/Developer/robotics/Roverism/IMG/IMG/robocam_2017_07_08_20_28_13_609.jpg,0,0,0,0.3237616,101.483,86.34992,359.9387,267.3942,359.9087
/Users/rustameynaliyev/Desktop/Developer/robotics/Roverism/IMG/IMG/robocam_2017_07_08_20_28_13_658.jpg,0,0,0,0.3226623,101.4824,86.33706,359.9364,267.3942,359.9223
/Users/rustameynaliyev/Desktop/Developer/robotics/Roverism/IMG/IMG/robocam_2017_07_08_20_28_13_710.jpg,0,0,0,0.3219292,101.4815,86.31783,359.9329,267.3942,359.9426
/Users/rustameynaliyev/Desktop/Developer/robotics/Roverism/IMG/IMG/robocam_2017_07_08_20_28_13_776.jpg,0,0,0,0.3208293,101.4806,86.29868,359.9296,267.3942,359.9621
/Users/rustameynaliyev/Desktop/Developer/robotics/Roverism/IMG/IMG/robocam_2017_07_08_20_28_13_825.jpg,0,0,0,0.3197298,101.4797,86.27957,359.9266,267.3942,359.9807
/Users/rustameynaliyev/Desktop/Developer/robotics/Roverism/IMG/IMG/robocam_2017_07_08_20_28_13_880.jpg,0,0,0,0.3193635,101.4791,86.26686,359.9247,267.3942,359.9925
/Users/rustameynaliyev/Desktop/Developer/robotics/Roverism/IMG/IMG/robocam_2017_07_08_20_28_13_925.jpg,0,0,0,0.3178999,101.4782,86.24785,359.9223,267.3942,0.008835225
/Users/rustameynaliyev/Desktop/Developer/robotics/Roverism/IMG/IMG/robocam_2017_07_08_20_28_13_976.jpg,0,0,0,0.3171696,101.4777,86.23521,359.9209,267.3942,0.01884701
/Users/rustameynaliyev/Desktop/Developer/robotics/Roverism/IMG/IMG/robocam_2017_07_08_20_28_14_026.jpg,0,0,0,0.3160764,101.4768,86.21629,359.9191,267.3942,0.03239623
/Users/rustameynaliyev/Desktop/Developer/robotics/Roverism/IMG/IMG/robocam_2017_07_08_20_28_14_076.jpg,0,0,0,0.3153494,101.4762,86.20373,359.9182,267.3942,0.04039893
/Users/rustameynaliyev/Desktop/Developer/robotics/Roverism/IMG/IMG/robocam_2017_07_08_20_28_14_125.jpg,0,0,0,0.314624,101.4753,86.18491,359.9171,267.3943,0.0507962
/Users/rustameynaliyev/Desktop/Developer/robotics/Roverism/IMG/IMG/robocam_2017_07_08_20_28_14_175.jpg,0,0,0,0.3135395,101.4748,86.17239,359.9167,267.3943,0.05664075
/Users/rustameynaliyev/Desktop/Developer/robotics/Roverism/IMG/IMG/robocam_2017_07_08_20_28_14_227.jpg,0,0,0,0.313179,101.4739,86.15367,359.9164,267.3943,0.06377254
/Users/rustameynaliyev/Desktop/Developer/robotics/Roverism/IMG/IMG/robocam_2017_07_08_20_28_14_292.jpg,2.984041,0,0,0.3064745,101.4732,86.13637,359.8871,267.8887,0.07195795
/Users/rustameynaliyev/Desktop/Developer/robotics/Roverism/IMG/IMG/robocam_2017_07_08_20_28_14_405.jpg,0,0,0,0.2874064,101.4722,86.10885,359.8197,267.9318,0.08204897
/Users/rustameynaliyev/Desktop/Developer/robotics/Roverism/IMG/IMG/robocam_2017_07_08_20_28_14_441.jpg,0,0,0,0.2856377,101.4715,86.09225,359.7896,267.9318,0.0851692
/Users/rustameynaliyev/Desktop/Developer/robotics/Roverism/IMG/IMG/robocam_2017_07_08_20_28_14_492.jpg,0,0,0,0.2849267,101.4711,86.08115,359.774,267.9319,0.08612335
/Users/rustameynaliyev/Desktop/Developer/robotics/Roverism/IMG/IMG/robocam_2017_07_08_20_28_14_558.jpg,0,0,0,0.2838209,101.4705,86.06439,359.7591,267.9313,0.08385169
/Users/rustameynaliyev/Desktop/Developer/robotics/Roverism/IMG/IMG/robocam_2017_07_08_20_28_14_608.jpg,0,0,0,0.2827368,101.4699,86.04755,359.7522,267.931,0.07964135
/Users/rustameynaliyev/Desktop/Developer/robotics/Roverism/IMG/IMG/robocam_2017_07_08_20_28_14_658.jpg,0,0,0,0.2816824,101.4695,86.03631,359.751,267.931,0.07639414
/Users/rustameynaliyev/Desktop/Developer/robotics/Roverism/IMG/IMG/robocam_2017_07_08_20_28_14_708.jpg,0,0,0,0.2809838,101.4689,86.01941,359.7541,267.931,0.07059463
/Users/rustameynaliyev/Desktop/Developer/robotics/Roverism/IMG/IMG/robocam_2017_07_08_20_28_14_775.jpg,0,0,0,0.2799441,101.4682,86.00248,359.7622,267.931,0.06387178
/Users/rustameynaliyev/Desktop/Developer/robotics/Roverism/IMG/IMG/robocam_2017_07_08_20_28_14_826.jpg,0,0,0,0.2789153,101.4676,85.98553,359.7747,267.931,0.056447
/Users/rustameynaliyev/Desktop/Developer/robotics/Roverism/IMG/IMG/robocam_2017_07_08_20_28_14_875.jpg,0,0,0,0.2782361,101.4672,85.97424,359.7849,267.931,0.05121344
/Users/rustameynaliyev/Desktop/Developer/robotics/Roverism/IMG/IMG/robocam_2017_07_08_20_28_14_926.jpg,0,0,0,0.2775626,101.4666,85.95732,359.8026,267.931,0.04308916
/Users/rustameynaliyev/Desktop/Developer/robotics/Roverism/IMG/IMG/robocam_2017_07_08_20_28_14_994.jpg,0,0,0,0.2765634,101.466,85.94041,359.8221,267.931,0.03481094
/Users/rustameynaliyev/Desktop/Developer/robotics/Roverism/IMG/IMG/robocam_2017_07_08_20_28_15_043.jpg,0,0,0,0.275252,101.4654,85.92355,359.8429,267.931,0.02656139
/Users/rustameynaliyev/Desktop/Developer/robotics/Roverism/IMG/IMG/robocam_2017_07_08_20_28_15_092.jpg,0,0,0,0.2746053,101.465,85.91233,359.857,267.9309,0.02115969
/Users/rustameynaliyev/Desktop/Developer/robotics/Roverism/IMG/IMG/robocam_2017_07_08_20_28_15_143.jpg,0,0,0,0.2736463,101.4644,85.89556,359.878,267.9309,0.0133158
/Users/rustameynaliyev/Desktop/Developer/robotics/Roverism/IMG/IMG/robocam_2017_07_08_20_28_15_192.jpg,0,0,0,0.2730141,101.464,85.88441,359.8917,267.9309,0.008315528
/Users/rustameynaliyev/Desktop/Developer/robotics/Roverism/IMG/IMG/robocam_2017_07_08_20_28_15_259.jpg,0,0,0,0.2720759,101.4634,85.86776,359.9113,267.9309,0.001246422
/Users/rustameynaliyev/Desktop/Developer/robotics/Roverism/IMG/IMG/robocam_2017_07_08_20_28_15_309.jpg,0,0,0,0.2711492,101.4628,85.85118,359.9294,267.9309,-0.005220771
/Users/rustameynaliyev/Desktop/Developer/robotics/Roverism/IMG/IMG/robocam_2017_07_08_20_28_15_359.jpg,0,0,0,0.2702329,101.4624,85.84018,359.9404,267.9309,359.9908
/Users/rustameynaliyev/Desktop/Developer/robotics/Roverism/IMG/IMG/robocam_2017_07_08_20_28_15_410.jpg,0,0,0,0.2696272,101.4618,85.82376,359.9552,267.9309,359.9855
/Users/rustameynaliyev/Desktop/Developer/robotics/Roverism/IMG/IMG/robocam_2017_07_08_20_28_15_460.jpg,0,0,0,0.2690254,101.4614,85.81286,359.9638,267.9309,359.9824
/Users/rustameynaliyev/Desktop/Developer/robotics/Roverism/IMG/IMG/robocam_2017_07_08_20_28_15_526.jpg,0,0,0,0.268129,101.4606,85.79118,359.978,267.9309,359.9773
/Users/rustameynaliyev/Desktop/Developer/robotics/Roverism/IMG/IMG/robocam_2017_07_08_20_28_15_576.jpg,0,0,0,0.2672391,101.4603,85.78042,359.9834,267.9309,359.9752
/Users/rustameynaliyev/Desktop/Developer/robotics/Roverism/IMG/IMG/robocam_2017_07_08_20_28_15_626.jpg,0,0,0,0.2663547,101.4597,85.76434,359.9897,267.9308,359.9728
/Users/rustameynaliyev/Desktop/Developer/robotics/Roverism/IMG/IMG/robocam_2017_07_08_20_28_15_676.jpg,0,0,0,0.2657675,101.4593,85.75366,359.9925,267.9308,359.9716
